Name,X,Y,BlueF,GreenF,RedF,Parallax,RadialVelocity,Variable?
BackS062031,38.9735,13.3365,7.288e-19,1.458e-18,4.422e-18,0.0004,-149.18,0
BackS062038,38.9824,13.3206,7.048e-19,6.887e-19,4.825e-19,-0.0001,-147.87,0
BackS062043,39.0127,13.3183,1.839e-18,3.588e-18,1.050e-17,0.0005,-151.29,0
BackS062044,39.0636,13.3284,1.609e-19,1.681e-19,1.299e-19,0.0001,-152.05,0
BackS062046,38.8967,13.3200,9.951e-20,1.054e-19,8.669e-20,-0.0007,-147.46,0
BackS062063,38.5724,13.3190,1.518e-20,2.009e-20,2.557e-20,-0.0007,-147.34,0
BackS062067,39.0042,13.3181,2.978e-20,3.445e-20,3.484e-20,0.0003,-150.99,0
BackS062068,38.9129,13.3447,3.026e-18,6.074e-18,1.904e-17,-0.0001,-148.83,0
BackS062071,39.0200,13.3278,1.564e-18,1.383e-18,7.597e-19,-0.0005,-150.77,0
BackS062075,38.9830,13.2995,4.380e-19,6.898e-19,1.325e-18,-0.0001,-149.71,0
BackS062080,39.2529,13.3337,3.710e-18,3.024e-18,1.404e-18,0.0,-152.11,0
BackS062082,38.9948,13.3186,9.779e-18,7.651e-18,3.267e-18,-0.0001,-151.34,1
BackS062090,38.9985,13.3221,1.376e-20,1.711e-20,1.917e-20,-0.0004,-150.82,0
BackS062095,38.9860,13.3195,4.441e-20,5.198e-20,5.255e-20,0.0005,-148.02,0
BackS062097,39.0361,13.3170,2.820e-19,2.950e-19,2.331e-19,-0.0001,-151.72,0
BackS062101,39.0048,13.3242,8.108e-19,7.472e-19,4.536e-19,-0.0,-151.21,0
BackS062107,38.9866,13.3224,1.456e-17,1.129e-17,4.867e-18,-0.0005,-148.1,1
BackS062111,39.0463,13.3070,4.377e-20,5.021e-20,5.000e-20,-0.0007,-150.94,0
BackS062112,38.9783,13.3261,1.083e-18,1.683e-18,3.048e-18,-0.0005,-148.07,0
BackS062115,39.0881,13.3090,1.705e-19,1.767e-19,1.376e-19,-0.0001,-151.6,0
BackS062120,38.9498,13.3278,5.631e-19,1.244e-18,4.653e-18,-0.0004,-147.82,0
BackS062121,38.9804,13.3163,6.481e-20,7.501e-20,7.575e-20,0.0007,-148.02,0
BackS062130,38.9484,13.3219,8.072e-20,8.737e-20,7.025e-20,-0.0005,-148.06,0
BackS062131,39.0327,13.3042,1.151e-18,1.782e-18,3.275e-18,-0.0001,-151.01,0
BackS062133,39.0352,13.3161,1.140e-20,1.457e-20,1.685e-20,0.0005,-151.25,0
BackS062138,39.2435,13.3199,4.668e-20,5.574e-20,5.948e-20,0.0008,-152.25,0
BackS062141,38.9772,13.3172,6.243e-20,6.982e-20,6.373e-20,0.0004,-148.82,0
BackS062142,38.9864,13.3159,2.332e-18,1.864e-18,8.468e-19,0.0004,-149.16,0
BackS062146,38.8751,13.2994,2.442e-19,2.482e-19,1.820e-19,0.0009,-148.2,0
BackS062147,38.9660,13.3224,4.578e-14,3.311e-14,1.225e-14,0.0003,-148.8,0
BackS062149,39.0637,13.3145,3.291e-18,7.045e-18,2.481e-17,0.0004,-152.04,0
BackS062150,39.0156,13.3104,1.881e-19,1.905e-19,1.410e-19,-0.0002,-151.52,0
BackS062151,39.0046,13.3297,6.202e-19,1.022e-18,2.007e-18,-0.0002,-150.57,0
BackS062154,38.9955,13.3256,7.624e-20,8.503e-20,7.628e-20,0.0004,-151.03,0
BackS062157,38.9901,13.3185,2.531e-19,2.523e-19,1.778e-19,0.0006,-149.92,0
BackS062158,38.9919,13.3178,2.555e-20,3.096e-20,3.354e-20,0.0002,-151.2,0
BackS062161,38.9272,13.3151,6.946e-19,1.104e-18,2.083e-18,-0.0001,-148.33,0
BackS062165,39.0178,13.3353,3.341e-20,3.744e-20,3.511e-20,0.0002,-150.71,0
BackS062166,38.9661,13.3188,1.993e-18,4.802e-18,2.066e-17,0.0004,-147.88,0
BackS062167,38.9606,13.3160,1.414e-20,1.735e-20,1.894e-20,0.0,-147.86,0
BackS062168,38.9535,13.3192,2.007e-18,1.712e-18,9.230e-19,0.0003,-148.03,0
BackS062170,38.9886,13.3236,1.425e-19,1.478e-19,1.190e-19,0.0002,-149.54,0
BackS062176,38.9766,13.3301,4.390e-20,5.385e-20,5.881e-20,-0.0001,-149.28,0
BackS062179,38.9885,13.3226,1.952e-19,2.191e-19,2.043e-19,0.0,-148.14,0
BackS062181,39.0033,13.3186,3.175e-19,3.115e-19,2.134e-19,-0.0006,-151.07,0
BackS062184,38.9315,13.3413,1.424e-19,1.527e-19,1.262e-19,0.0001,-148.66,0
BackS062190,38.9169,13.3215,3.776e-20,4.375e-20,4.370e-20,-0.0,-147.51,0
BackS062191,38.9993,13.3224,3.015e-19,3.045e-19,2.274e-19,0.001,-151.44,0
BackS062192,38.9729,13.3367,3.699e-18,2.994e-18,1.411e-18,-0.0008,-149.28,0
BackS062194,38.9635,13.3322,2.273e-19,2.295e-19,1.661e-19,-0.0008,-148.1,0
BackS062196,38.9750,13.3237,4.936e-20,5.843e-20,5.852e-20,0.0007,-148.0,0
BackS062204,39.0342,13.3190,2.995e-20,3.723e-20,4.260e-20,-0.0006,-151.75,0
BackS062215,38.9728,13.3208,5.840e-19,5.563e-19,3.643e-19,-0.001,-148.08,0
BackS062219,38.9328,13.3189,1.394e-20,1.758e-20,1.973e-20,-0.0002,-147.95,0
BackS062222,38.9112,13.3203,7.881e-19,1.343e-18,2.862e-18,-0.0005,-147.42,0
BackS062228,39.0147,13.3258,3.528e-20,4.238e-20,4.475e-20,-0.0009,-151.45,0
BackS062234,38.9893,13.3194,1.370e-20,1.827e-20,2.322e-20,-0.0008,-150.23,0
BackS062236,39.0842,13.2961,9.538e-19,8.245e-19,4.576e-19,0.0003,-151.07,0
BackS062239,39.0012,13.3298,9.862e-19,9.039e-19,5.453e-19,-0.0001,-150.73,0
BackS062242,39.0343,13.3126,1.444e-20,1.842e-20,2.174e-20,0.0007,-151.4,0
BackS062243,39.1228,13.3146,5.349e-18,1.282e-17,5.565e-17,0.0011,-152.19,0
BackS062245,38.9907,13.3203,1.920e-18,3.103e-18,6.136e-18,-0.0003,-150.31,0
BackS062246,38.9738,13.3346,2.209e-19,2.347e-19,1.882e-19,-0.0006,-149.09,0
BackS062247,38.9114,13.3317,2.580e-19,4.867e-19,1.313e-18,-0.0005,-147.41,0
BackS062266,38.9555,13.3274,2.898e-18,4.680e-18,9.065e-18,-0.0001,-147.79,0
BackS062280,38.9868,13.3228,2.832e-20,3.437e-20,3.674e-20,-0.0003,-148.99,0
BackS062284,38.9302,13.3170,1.496e-18,3.542e-18,1.568e-17,0.001,-147.83,0
BackS062287,38.9730,13.3220,4.067e-19,3.904e-19,2.581e-19,-0.0002,-148.14,0
BackS062288,38.9882,13.3145,1.026e-19,1.084e-19,8.919e-20,-0.0002,-149.99,0
BackS062289,38.9953,13.3193,2.664e-20,3.238e-20,3.530e-20,0.0001,-151.18,0
BackS062290,38.9945,13.3230,1.009e-20,1.288e-20,1.518e-20,0.0008,-150.3,0
BackS062291,38.9765,13.3207,3.885e-19,3.882e-19,2.719e-19,-0.0002,-148.93,0
BackS062292,38.9548,13.3215,8.873e-20,9.812e-20,8.557e-20,0.0005,-148.25,0
BackS062295,39.0090,13.3288,1.348e-19,1.358e-19,1.014e-19,0.0005,-150.87,0
BackS062296,38.9522,13.3332,6.106e-14,4.357e-14,1.558e-14,0.0002,-148.32,0
BackS062298,38.9874,13.3230,9.505e-20,1.051e-19,9.204e-20,-0.0002,-149.3,0
BackS062303,39.0046,13.3265,1.236e-18,1.052e-18,5.604e-19,0.0006,-151.48,0
BackS062310,38.9670,13.3171,1.781e-19,1.963e-19,1.692e-19,0.0007,-148.81,0
BackS062313,38.9145,13.3178,2.500e-19,4.266e-19,9.489e-19,0.0003,-147.66,0
BackS062314,39.0465,13.3229,5.331e-19,9.173e-19,2.043e-18,-0.0002,-151.79,0
BackS062318,38.9798,13.3239,1.871e-20,2.342e-20,2.601e-20,0.0001,-148.38,0
BackS062320,39.0805,13.3347,1.356e-18,2.208e-18,4.467e-18,-0.0006,-151.87,0
BackS062334,38.9863,13.3225,2.776e-18,7.000e-18,3.468e-17,0.0007,-148.35,0
BackS062335,38.9963,13.3198,7.413e-20,8.401e-20,7.614e-20,0.0006,-151.43,0
BackS062342,38.9839,13.3202,5.437e-20,6.166e-20,5.751e-20,-0.0001,-148.23,0
BackS062356,38.9952,13.3238,4.232e-15,2.792e-15,8.576e-16,-0.0003,-151.33,0
BackS062372,39.0347,13.3246,1.801e-19,1.874e-19,1.476e-19,0.0002,-151.4,0
BackS062376,38.9248,13.3234,1.461e-18,2.389e-18,4.824e-18,0.0005,-147.78,0
BackS062377,38.9910,13.3256,1.969e-20,2.579e-20,3.308e-20,0.0006,-149.91,0
BackS062381,38.7477,13.3259,4.024e-20,4.943e-20,5.267e-20,-0.0007,-147.22,0
BackS062383,39.0379,13.3204,1.103e-18,1.906e-18,4.227e-18,-0.0003,-151.79,0
BackS062384,39.1589,13.3037,4.093e-19,3.868e-19,2.540e-19,0.0005,-151.69,0
BackS062394,38.9465,13.3300,4.090e-18,3.455e-18,1.729e-18,0.0003,-148.26,0
BackS062398,38.9801,13.3141,1.487e-20,1.897e-20,2.194e-20,0.0,-149.52,0
BackS062400,38.9353,13.3410,2.831e-20,3.428e-20,3.597e-20,-0.0001,-148.28,0
BackS062401,38.8814,13.3240,1.325e-19,1.377e-19,1.059e-19,0.0002,-147.35,0
BackS062402,38.9596,13.3152,2.171e-17,1.627e-17,6.609e-18,0.0004,-148.88,0
BackS062405,39.0922,13.2675,8.013e-20,8.636e-20,7.190e-20,0.0004,-150.41,0
BackS062408,38.9923,13.3246,1.691e-19,1.727e-19,1.303e-19,-0.0002,-149.94,0
BackS062415,38.9922,13.3280,1.375e-20,1.822e-20,2.318e-20,0.0001,-150.82,0
BackS062417,39.0069,13.3236,1.589e-20,2.024e-20,2.402e-20,0.0004,-151.4,0
BackS062424,39.0051,13.3234,5.100e-20,6.043e-20,6.237e-20,0.0004,-151.18,0
BackS062425,38.8848,13.3242,1.830e-18,2.981e-18,5.746e-18,0.0004,-147.47,0
BackS062427,39.0053,13.3247,1.371e-19,1.487e-19,1.251e-19,-0.0012,-151.43,0
BackS062433,39.0388,13.3172,4.149e-18,7.622e-18,1.875e-17,0.0009,-151.45,0
BackS062435,38.9355,13.3207,8.047e-20,9.347e-20,9.117e-20,0.001,-147.95,0
BackS062439,39.0564,13.3086,1.474e-20,1.963e-20,2.596e-20,0.0013,-151.05,0
BackS062441,38.9229,13.3172,1.694e-18,1.474e-18,8.370e-19,0.0003,-148.18,0
BackS062445,38.9567,13.3238,3.958e-20,4.843e-20,5.110e-20,0.0,-147.82,0
BackS062450,39.0140,13.3298,3.568e-20,4.343e-20,4.499e-20,-0.0005,-150.3,0
BackS062453,38.9034,13.3200,1.000e-19,1.132e-19,1.051e-19,0.0003,-147.66,0
BackS062462,38.9906,13.3244,1.464e-19,1.480e-19,1.105e-19,0.0006,-149.98,0
BackS062466,38.9870,13.3239,4.800e-20,5.626e-20,5.726e-20,0.0002,-148.63,0
BackS062477,38.9433,13.3039,6.336e-19,5.836e-19,3.716e-19,-0.0008,-149.0,0
BackS062478,38.9602,13.3238,3.804e-20,4.408e-20,4.411e-20,-0.0001,-147.95,0
BackS062481,38.9918,13.3217,2.136e-18,4.991e-18,2.048e-17,0.0001,-150.93,0
BackS062482,38.9699,13.3285,2.246e-19,2.173e-19,1.478e-19,0.0001,-148.5,0
BackS062484,38.9627,13.3103,1.117e-19,2.111e-19,5.682e-19,0.0006,-148.87,0
BackS062486,38.9345,13.3123,1.105e-18,1.571e-18,2.332e-18,-0.0001,-148.21,0
BackS062488,38.9923,13.3255,8.255e-19,1.396e-18,3.003e-18,-0.0002,-151.39,0
BackS062489,38.9434,13.3153,1.196e-18,2.199e-18,5.665e-18,0.0,-147.82,0
BackS062492,38.9622,13.3020,3.176e-19,3.188e-19,2.269e-19,-0.0002,-149.09,0
BackS062494,39.1012,13.3116,3.558e-20,4.264e-20,4.539e-20,0.0006,-151.83,0
BackS062498,39.0071,13.3350,5.780e-19,5.527e-19,3.674e-19,0.0009,-150.13,0
BackS062501,38.9829,13.3172,1.404e-18,2.283e-18,4.612e-18,0.0007,-148.99,0
BackS062505,38.8327,13.3045,1.864e-18,1.552e-18,7.786e-19,-0.0002,-147.85,0
BackS062521,38.8703,13.3169,1.272e-20,1.696e-20,2.270e-20,-0.0005,-147.55,0
BackS062522,38.9629,13.3392,1.448e-18,1.254e-18,6.998e-19,0.0002,-148.72,0
BackS062533,39.0527,13.3468,2.396e-20,2.811e-20,2.889e-20,0.0007,-150.42,0
BackS062535,38.9905,13.3252,4.685e-20,5.512e-20,5.637e-20,-0.0004,-149.69,0
BackS062544,38.9939,13.3213,2.022e-18,1.688e-18,8.648e-19,0.0004,-151.48,0
BackS062546,39.2028,13.3335,3.451e-19,3.197e-19,1.990e-19,-0.0004,-152.0,0
BackS062551,39.0562,13.3122,1.778e-18,3.226e-18,8.138e-18,-0.0003,-152.04,0
BackS062555,38.9907,13.3228,1.059e-17,3.107e-17,2.136e-16,-0.0001,-149.98,0
BackS062556,39.0444,13.3174,1.379e-19,1.466e-19,1.249e-19,0.0001,-151.99,0
BackS062559,39.0181,13.3254,4.194e-20,4.595e-20,3.981e-20,0.0008,-151.61,0
BackS062562,38.9619,13.3248,3.229e-19,3.376e-19,2.656e-19,0.0,-148.53,0
BackS062566,39.0449,13.3153,3.984e-19,7.273e-19,1.787e-18,-0.0004,-151.78,0
BackS062569,38.8738,13.3237,5.148e-20,6.202e-20,6.614e-20,0.0004,-147.5,0
BackS062573,38.9130,13.3215,2.784e-20,3.459e-20,3.938e-20,-0.001,-147.59,0
BackS062582,38.9846,13.3299,1.789e-20,2.274e-20,2.678e-20,-0.0003,-149.55,0
BackS062586,38.9495,13.3096,1.579e-20,1.989e-20,2.311e-20,-0.0001,-148.22,0
BackS062588,39.0674,13.3104,1.543e-19,1.635e-19,1.366e-19,-0.0007,-152.05,0
BackS062589,38.9958,13.3097,3.113e-20,3.714e-20,3.916e-20,0.0002,-151.33,0
BackS062592,39.0568,13.3297,2.455e-19,2.384e-19,1.617e-19,-0.0005,-151.79,0
BackS062599,39.0031,13.3180,2.106e-19,2.127e-19,1.580e-19,0.0002,-150.54,0
BackS062615,39.0361,13.3305,1.436e-20,1.861e-20,2.265e-20,0.0001,-150.95,0
BackS062625,38.9858,13.3217,9.762e-20,1.154e-19,1.196e-19,0.0005,-148.38,0
BackS062628,38.9844,13.3276,7.582e-19,7.126e-19,4.465e-19,0.0001,-149.01,0
BackS062629,38.9925,13.3205,1.877e-19,1.937e-19,1.469e-19,-0.0011,-151.12,0
BackS062632,38.8686,13.3126,4.996e-15,3.373e-15,1.082e-15,0.0006,-147.73,0
BackS062637,38.9952,13.3054,2.801e-19,2.735e-19,1.966e-19,-0.0003,-151.47,0
BackS062645,39.1956,13.3142,1.446e-20,1.896e-20,2.414e-20,0.0002,-152.14,0
BackS062648,39.0570,13.3062,3.561e-20,4.129e-20,4.076e-20,-0.0009,-150.9,0
BackS062655,39.0424,13.3275,3.627e-20,4.318e-20,4.494e-20,-0.0001,-151.25,0
BackS062657,39.0055,13.3192,8.698e-19,7.782e-19,4.534e-19,0.0003,-151.5,0
BackS062658,39.0170,13.3207,8.629e-20,9.805e-20,8.985e-20,0.0002,-151.32,0
BackS062662,39.0796,13.3370,1.286e-20,1.708e-20,2.113e-20,-0.0001,-151.23,0
BackS062663,38.8537,13.3122,5.384e-19,4.882e-19,2.858e-19,-0.0005,-147.48,0
BackS062664,38.9721,13.3180,4.011e-19,4.083e-19,2.942e-19,0.0002,-148.07,0
BackS062667,39.0490,13.2981,3.300e-19,3.320e-19,2.443e-19,0.0003,-150.7,0
BackS062670,38.9544,13.3104,1.388e-20,1.786e-20,2.190e-20,0.0003,-148.63,0
BackS062679,39.0572,13.3209,1.813e-18,3.050e-18,6.603e-18,0.0006,-151.98,0
BackS062681,39.0519,13.3061,8.531e-20,9.374e-20,8.280e-20,0.0001,-151.59,0
BackS062685,39.0404,13.3150,1.266e-20,1.722e-20,2.385e-20,0.0002,-151.23,0
BackS062686,38.9850,13.3211,1.993e-18,4.244e-18,1.466e-17,0.0001,-148.77,0
BackS062687,38.9771,13.3201,2.336e-20,2.953e-20,3.533e-20,0.0001,-148.21,0
BackS062689,39.1043,13.3127,1.890e-18,2.910e-18,5.116e-18,0.0008,-152.07,0
BackS062693,38.9236,13.3161,5.150e-20,6.106e-20,5.997e-20,0.0009,-147.86,0
BackS062700,38.9558,13.3187,1.868e-18,1.542e-18,7.657e-19,-0.0007,-148.01,0
BackS062701,38.9176,13.3245,1.600e-18,2.566e-18,4.930e-18,-0.0,-147.52,0
BackS062706,38.9872,13.3237,6.770e-19,6.129e-19,3.675e-19,0.0006,-148.43,0
BackS062708,39.0042,13.3311,7.029e-19,1.018e-18,1.557e-18,0.0002,-151.33,0
BackS062711,39.0718,13.3175,2.732e-20,3.179e-20,3.294e-20,-0.0008,-152.06,0
BackS062715,38.9850,13.3335,1.879e-20,2.323e-20,2.658e-20,0.0004,-149.56,0
BackS062719,38.9872,13.3254,1.129e-19,1.207e-19,9.936e-20,0.0001,-149.54,0
BackS062722,38.9536,13.3191,1.222e-19,1.253e-19,9.548e-20,0.0,-147.78,0
BackS062723,38.9906,13.3223,2.136e-20,2.607e-20,2.820e-20,0.0002,-151.17,0
BackS062726,38.9826,13.3066,4.389e-14,3.052e-14,1.083e-14,0.0001,-149.51,0
BackS062728,38.9558,13.3265,1.767e-19,3.659e-19,1.151e-18,-0.0007,-148.36,0
BackS062729,38.9781,13.3324,3.852e-20,4.493e-20,4.447e-20,-0.0008,-148.73,0
BackS062737,38.9871,13.3179,2.341e-20,2.916e-20,3.363e-20,-0.0001,-149.43,0
BackS062742,38.9628,13.3157,5.841e-20,7.152e-20,7.587e-20,-0.0,-148.01,0
BackS062744,38.9868,13.3181,4.571e-19,4.642e-19,3.550e-19,0.0002,-149.34,0
BackS062745,38.9471,13.3129,1.480e-19,1.544e-19,1.245e-19,0.0007,-148.4,0
BackS062754,38.9807,13.3299,1.164e-20,1.573e-20,2.081e-20,-0.001,-148.11,0
BackS062767,38.9817,13.3200,1.358e-18,1.207e-18,6.675e-19,0.0008,-148.07,0
BackS062768,38.5753,13.3098,1.290e-19,1.466e-19,1.358e-19,0.0,-147.42,0
BackS062770,39.0173,13.3195,2.156e-20,2.831e-20,3.424e-20,0.0001,-151.58,0
BackS062771,38.9754,13.3252,3.740e-19,3.644e-19,2.511e-19,-0.0002,-148.03,0
BackS062772,38.9952,13.3140,2.598e-20,3.178e-20,3.278e-20,0.0006,-150.48,0
BackS062778,39.0323,13.3205,3.141e-20,3.706e-20,3.655e-20,0.0002,-151.85,0
BackS062781,39.0697,13.3034,1.298e-20,1.609e-20,1.772e-20,-0.0002,-151.49,0
BackS062784,38.9825,13.3263,2.336e-20,2.856e-20,3.091e-20,0.0006,-149.2,0
BackS062788,38.9920,13.3215,9.746e-20,1.047e-19,8.889e-20,0.0004,-151.7,0
BackS062789,38.9646,13.3315,6.065e-14,4.240e-14,1.550e-14,0.0004,-148.83,0
BackS062791,39.0022,13.3270,3.839e-18,6.820e-18,1.610e-17,-0.0002,-151.01,0
BackS062792,38.9833,13.3218,7.894e-14,6.565e-14,3.382e-14,0.0002,-147.94,1
BackS062796,38.9828,13.3123,1.281e-18,1.085e-18,5.630e-19,-0.0,-148.48,0
BackS062798,39.0401,13.3233,2.597e-20,3.088e-20,3.246e-20,0.0004,-151.46,0
BackS062799,38.9960,13.3172,5.442e-14,4.075e-14,1.610e-14,0.0,-150.66,0
BackS062803,38.9587,13.3390,2.931e-19,2.859e-19,1.933e-19,0.0006,-148.03,0
BackS062804,38.9485,13.3140,6.282e-19,5.945e-19,3.826e-19,-0.0004,-147.7,0
BackS062805,38.9890,13.3467,2.043e-17,6.431e-17,4.978e-16,-0.0014,-149.37,0
BackS062807,39.0019,13.3417,1.309e-20,1.693e-20,2.083e-20,0.0008,-151.59,0
BackS062808,38.9835,13.3386,3.235e-20,3.734e-20,3.433e-20,0.0008,-148.27,0
BackS062809,39.0006,13.2828,4.244e-18,3.481e-18,1.670e-18,-0.0001,-150.73,0
BackS062810,38.9671,13.3524,2.023e-19,2.111e-19,1.615e-19,0.0005,-147.7,0
BackS062811,38.9984,13.3011,4.457e-14,3.127e-14,1.123e-14,-0.0006,-150.54,0
BackS062812,38.9897,13.3565,1.484e-18,1.288e-18,7.141e-19,-0.0001,-149.01,0
BackS062814,38.9542,13.3327,4.917e-19,9.761e-19,2.912e-18,-0.0008,-147.74,0
BackS062819,38.9496,13.2991,9.976e-20,1.107e-19,9.870e-20,-0.0001,-148.06,0
BackS062822,38.9307,13.3073,4.875e-20,5.425e-20,4.772e-20,0.0004,-147.66,0
BackS062824,38.9569,13.3028,1.159e-18,1.767e-18,2.996e-18,-0.0006,-148.0,0
BackS062827,38.9897,13.3281,1.223e-18,1.147e-18,7.477e-19,0.0011,-149.59,0
BackS062828,38.9841,13.3445,3.815e-20,4.618e-20,4.829e-20,-0.0007,-148.99,0
BackS062829,39.0253,13.3319,1.097e-18,9.723e-19,5.527e-19,-0.0001,-151.67,0
BackS062830,39.0158,13.3332,2.290e-18,1.977e-18,1.046e-18,0.0005,-150.6,0
BackS062831,38.9835,13.3014,6.020e-20,6.675e-20,5.942e-20,0.0002,-149.07,0
BackS062832,39.0176,13.3095,2.469e-18,2.107e-18,1.107e-18,0.0,-151.13,0
BackS062834,39.0362,13.3298,5.738e-14,4.596e-14,2.184e-14,0.001,-151.04,1
BackS062837,38.9912,13.2610,6.460e-19,1.148e-18,2.761e-18,-0.0003,-151.61,0
BackS062839,39.0355,13.3483,9.825e-17,6.926e-17,2.497e-17,0.0008,-151.49,0
BackS062841,38.9736,13.3259,2.754e-18,4.898e-18,1.156e-17,-0.0005,-149.08,0
BackS062842,39.0059,13.3290,1.039e-18,9.090e-19,5.187e-19,0.0,-150.51,0
BackS062849,39.0298,13.3137,1.612e-19,1.684e-19,1.321e-19,0.0006,-151.72,0
BackS062850,38.9854,13.3463,1.338e-20,1.732e-20,2.172e-20,0.0007,-148.19,0
BackS062854,38.9682,13.3423,9.761e-19,8.762e-19,5.195e-19,0.0002,-147.71,0
BackS062855,38.9327,13.3262,7.608e-19,6.693e-19,3.629e-19,-0.0002,-147.66,0
BackS062856,38.9766,13.3329,7.324e-19,1.737e-18,7.539e-18,0.0002,-148.01,0
BackS062858,38.9718,13.3070,3.225e-20,3.846e-20,3.964e-20,0.0012,-148.38,0
BackS062860,39.0011,13.3171,1.755e-19,1.788e-19,1.354e-19,0.001,-151.37,0
BackS062862,38.9502,13.3545,5.773e-19,5.537e-19,3.687e-19,-0.0005,-148.11,0
BackS062864,38.9506,13.3318,2.747e-18,5.548e-18,1.700e-17,0.0001,-148.25,0
BackS062867,38.9830,13.2912,4.469e-19,4.493e-19,3.250e-19,0.001,-149.79,0
BackS062870,38.9877,13.3536,1.478e-20,1.891e-20,2.281e-20,0.0005,-149.35,0
BackS062872,38.9719,13.3409,1.892e-18,2.912e-18,5.111e-18,-0.0002,-147.83,0
BackS062875,38.9796,13.3226,8.411e-19,8.076e-19,5.213e-19,0.0007,-149.04,0
BackS062876,38.9641,13.2887,8.319e-19,8.039e-19,5.426e-19,-0.0002,-148.68,0
BackS062877,38.9990,13.2850,2.697e-20,3.433e-20,3.947e-20,0.0001,-151.84,0
BackS062878,39.0441,13.3533,1.446e-18,2.612e-18,6.395e-18,-0.0001,-151.97,0
BackS062880,39.0187,13.3124,1.254e-18,1.972e-18,3.628e-18,-0.0003,-150.67,0
BackS062883,39.0039,13.3357,3.637e-19,3.373e-19,2.152e-19,-0.0003,-150.45,0
BackS062885,38.9938,13.3498,1.728e-18,1.468e-18,7.472e-19,0.0002,-147.85,0
BackS062888,38.9750,13.3054,6.471e-20,7.464e-20,7.263e-20,-0.0002,-148.66,0
BackS062889,38.9560,13.3057,1.346e-18,2.346e-18,5.293e-18,0.0004,-148.1,0
BackS062892,38.9780,13.3184,3.179e-18,2.674e-18,1.428e-18,-0.0002,-149.36,0
BackS062894,38.9859,13.3283,1.265e-19,1.353e-19,1.149e-19,0.0002,-148.39,0
BackS062899,39.0072,13.2989,1.633e-14,1.131e-14,3.826e-15,0.0006,-151.69,0
BackS062901,38.9767,13.3343,5.047e-19,4.971e-19,3.552e-19,0.0004,-148.55,0
BackS062903,38.9456,13.3375,2.745e-20,3.401e-20,3.803e-20,0.0003,-148.09,0
BackS062904,38.9625,13.3144,2.509e-19,2.517e-19,1.904e-19,0.0006,-148.34,0
BackS062908,38.9870,13.3278,4.986e-20,5.800e-20,5.539e-20,0.0004,-149.5,0
BackS062909,39.0158,13.3150,3.088e-14,2.271e-14,8.773e-15,-0.0006,-151.32,0
BackS062912,38.9623,13.2955,6.249e-19,5.859e-19,3.699e-19,0.0007,-148.4,0
BackS062918,39.0260,13.2936,2.263e-20,2.747e-20,2.952e-20,-0.0008,-151.89,0
BackS062919,39.0284,13.3171,3.040e-18,2.544e-18,1.251e-18,0.0004,-151.63,0
BackS062923,38.9749,13.3338,6.749e-18,5.297e-18,2.382e-18,0.0003,-149.07,0
BackS062924,38.9669,13.3251,1.384e-18,1.285e-18,7.987e-19,0.0002,-148.16,0
BackS062925,38.9702,13.3141,3.470e-19,3.231e-19,2.053e-19,-0.0,-148.39,0
BackS062927,38.9897,13.3250,2.646e-20,3.255e-20,3.593e-20,-0.0001,-149.65,0
BackS062929,38.9315,13.3358,2.044e-20,2.458e-20,2.477e-20,0.0001,-147.53,0
BackS062931,39.0161,13.3110,1.343e-20,1.614e-20,1.732e-20,-0.0009,-151.59,0
BackS062932,39.0109,13.3287,3.474e-14,2.612e-14,1.036e-14,0.0006,-151.17,0
BackS062934,39.0248,13.2936,4.313e-14,3.093e-14,1.143e-14,0.0005,-151.87,0
BackS062937,38.9912,13.3394,3.843e-18,3.028e-18,1.411e-18,-0.0007,-149.59,0
BackS062940,38.9897,13.3060,1.701e-17,1.295e-17,5.559e-18,0.0008,-150.65,1
BackS062945,38.9566,13.3294,4.670e-19,4.311e-19,2.595e-19,-0.0003,-147.75,0
BackS062946,38.9735,13.3368,1.682e-17,1.273e-17,5.254e-18,-0.0006,-148.91,1
BackS062948,38.9493,13.3235,1.308e-19,1.362e-19,1.043e-19,0.0004,-148.11,0
BackS062949,38.9897,13.3139,4.344e-19,8.492e-19,2.487e-18,-0.0008,-150.3,0
BackS062951,38.9937,13.3444,1.227e-19,1.361e-19,1.192e-19,0.0004,-149.26,0
BackS062952,39.0017,13.3307,1.343e-20,1.737e-20,2.079e-20,0.0006,-150.76,0
BackS062953,39.0113,13.3085,1.093e-19,1.233e-19,1.139e-19,0.0,-151.2,0
BackS062961,38.9908,13.3170,5.763e-19,5.618e-19,3.805e-19,-0.0001,-150.18,0
BackS062962,38.9874,13.3067,7.171e-19,1.298e-18,3.258e-18,-0.0009,-149.84,0
BackS062963,39.0420,13.3034,1.634e-20,2.065e-20,2.359e-20,0.0011,-151.87,0
BackS062965,38.9519,13.3037,1.768e-19,1.860e-19,1.563e-19,-0.0002,-147.78,0
BackS062966,38.9624,13.3370,4.947e-19,7.596e-19,1.316e-18,-0.0,-148.19,0
BackS062968,39.0306,13.3516,4.233e-19,4.074e-19,2.765e-19,0.0007,-151.83,0
BackS062969,39.0428,13.3252,7.362e-20,8.126e-20,7.136e-20,0.0002,-151.69,0
BackS062971,38.9342,13.3256,1.466e-18,2.144e-18,3.351e-18,-0.0002,-147.63,0
BackS062973,39.0389,13.3227,3.500e-19,3.527e-19,2.603e-19,-0.0001,-151.8,0
BackS062974,38.9809,13.2892,2.769e-18,2.370e-18,1.226e-18,-0.0005,-149.65,0
BackS062975,38.9712,13.3096,1.686e-18,3.744e-18,1.408e-17,-0.0013,-148.72,0
BackS062977,38.9525,13.3008,3.808e-19,3.618e-19,2.347e-19,0.0011,-148.48,0
BackS062978,39.0142,13.3439,2.428e-19,2.359e-19,1.574e-19,0.0011,-150.84,0
BackS062984,38.9827,13.2928,1.062e-18,1.899e-18,4.793e-18,0.0007,-149.75,0
BackS062986,38.9820,13.2818,1.007e-19,1.047e-19,8.407e-20,-0.0006,-149.88,0
BackS062987,38.9799,13.3066,1.357e-17,1.044e-17,4.439e-18,-0.0003,-149.36,1
BackS062989,38.9807,13.3308,6.146e-20,6.826e-20,5.872e-20,-0.0004,-148.87,0
BackS062992,38.9671,13.3217,1.430e-19,1.467e-19,1.113e-19,0.0006,-148.67,0
BackS062994,38.9753,13.3247,5.750e-18,4.429e-18,1.959e-18,0.0002,-148.38,0
BackS062995,38.9749,13.3367,2.951e-18,2.437e-18,1.222e-18,-0.0003,-148.27,1
BackS062996,38.9976,13.3049,3.711e-19,3.583e-19,2.376e-19,-0.0006,-150.38,0
BackS062999,39.0076,13.3164,8.702e-20,9.257e-20,7.553e-20,0.0,-151.23,0
BackS063000,38.9457,13.3307,5.952e-19,5.861e-19,4.068e-19,-0.0006,-147.75,0
BackS063001,38.9489,13.3332,1.721e-17,1.276e-17,5.292e-18,-0.0004,-147.65,0
BackS063002,39.0070,13.2857,2.588e-18,2.209e-18,1.110e-18,0.0,-151.04,0
BackS063003,38.9754,13.3340,1.097e-18,2.082e-18,5.786e-18,-0.0005,-148.22,0
BackS063005,38.9751,13.3158,1.314e-19,1.361e-19,1.075e-19,-0.0001,-148.52,0
BackS063006,38.9397,13.3136,3.070e-14,2.968e-14,1.983e-14,-0.0003,-148.11,1
BackS063009,38.9738,13.3283,2.513e-18,4.067e-18,8.059e-18,0.0007,-148.48,0
BackS063010,38.9694,13.3058,1.311e-14,8.848e-15,2.964e-15,-0.0004,-148.9,0
BackS063012,39.0091,13.3576,4.618e-14,3.630e-14,1.667e-14,0.0008,-150.58,1
BackS063013,38.9251,13.3322,8.753e-18,7.254e-18,3.564e-18,0.0,-147.53,0
BackS063014,38.9712,13.3322,1.540e-20,1.944e-20,2.337e-20,-0.0004,-148.16,0
BackS063015,38.9422,13.3150,2.144e-20,2.754e-20,3.355e-20,-0.0009,-147.81,0
BackS063016,39.0236,13.3392,4.253e-14,3.131e-14,1.231e-14,0.0,-151.34,0
BackS063017,38.9855,13.3154,8.065e-18,6.103e-18,2.568e-18,0.0007,-148.86,0
BackS063018,38.9912,13.3469,1.516e-20,2.055e-20,2.778e-20,0.0001,-149.31,0
BackS063019,38.9361,13.3257,1.156e-18,1.003e-18,5.386e-19,-0.0008,-147.67,0
BackS063020,39.0237,13.3425,5.818e-19,5.501e-19,3.640e-19,0.0,-151.7,0
BackS063021,38.9632,13.2747,7.738e-19,1.545e-18,4.727e-18,-0.0001,-149.04,0
BackS063022,39.0219,13.3157,3.271e-20,3.927e-20,4.098e-20,-0.0003,-151.43,0
BackS063024,38.9897,13.3211,7.237e-14,6.195e-14,3.197e-14,-0.0009,-150.59,1
BackS063025,38.9896,13.3209,1.446e-16,1.009e-16,3.627e-17,0.0006,-146.57,0
BackS063026,38.9897,13.3210,1.005e-16,6.734e-17,2.269e-17,0.0002,-153.6,0
BackS063027,38.9897,13.3210,3.473e-18,2.856e-18,1.383e-18,-0.0002,-150.4,0
BackS063028,38.9898,13.3211,8.098e-19,1.419e-18,3.325e-18,-0.0001,-153.3,0
BackS063030,39.1169,13.3225,1.200e-19,1.262e-19,1.009e-19,-0.0008,-151.86,0
BackS063033,38.9918,13.3028,3.971e-20,4.749e-20,5.004e-20,0.0003,-149.88,0
BackS063035,39.0582,13.3487,1.545e-20,1.880e-20,2.070e-20,0.0001,-150.66,0
BackS063038,39.1230,13.3071,2.383e-20,2.845e-20,3.015e-20,-0.0001,-151.69,0
BackS063040,38.9724,13.3005,2.759e-20,3.279e-20,3.331e-20,0.0004,-149.58,0
BackS063043,39.1719,13.3216,1.153e-20,1.446e-20,1.705e-20,0.0002,-152.22,0
BackS063046,39.1240,13.3066,2.159e-20,2.766e-20,3.329e-20,0.0001,-151.84,0
BackS063053,39.1526,13.3060,1.508e-19,1.637e-19,1.386e-19,0.0001,-152.03,0
BackS063056,39.0778,13.3045,6.502e-20,7.214e-20,6.324e-20,-0.0003,-151.14,0
BackS063062,38.8872,13.3438,1.358e-20,1.794e-20,2.324e-20,-0.0001,-148.25,0
BackS063064,38.9336,13.3437,1.233e-19,1.344e-19,1.105e-19,-0.0001,-148.87,0
BackS063065,39.1225,13.3273,1.067e-20,1.434e-20,1.899e-20,-0.0002,-151.76,0
BackS063066,39.0451,13.3457,4.273e-19,8.656e-19,2.716e-18,0.0008,-150.43,0
BackS063067,38.8863,13.3471,3.199e-20,3.761e-20,3.798e-20,0.0003,-148.35,0
BackS063071,39.1227,13.3089,1.003e-20,1.332e-20,1.752e-20,0.0004,-151.74,0
BackS063083,38.8608,13.3425,1.341e-20,1.739e-20,2.200e-20,0.0002,-147.99,0
BackS063084,38.9903,13.3384,1.087e-18,1.982e-18,5.052e-18,0.0003,-149.69,0
BackS063085,38.8280,13.3150,4.445e-19,4.199e-19,2.711e-19,0.0002,-147.28,0
BackS063088,38.8671,13.3360,3.499e-20,4.066e-20,4.095e-20,0.0003,-147.95,0
BackS063090,39.0308,13.3443,1.976e-15,1.284e-15,4.072e-16,0.0005,-150.25,0
BackS063092,38.8326,13.3232,2.583e-14,1.743e-14,5.787e-15,0.0,-147.45,0
BackS063093,38.8360,13.3264,5.265e-19,5.055e-19,3.356e-19,0.0005,-147.43,0
BackS063094,39.1618,13.3155,3.968e-19,6.678e-19,1.386e-18,0.0005,-152.19,0
BackS063099,38.7952,13.3158,1.392e-19,1.457e-19,1.197e-19,-0.0,-147.34,0
BackS063103,39.1648,13.3121,1.837e-20,2.194e-20,2.312e-20,-0.0015,-152.09,0
BackS063106,38.8175,13.3110,9.141e-19,8.329e-19,4.802e-19,-0.0,-147.46,0
BackS063112,39.1521,13.3154,6.255e-14,4.557e-14,1.779e-14,0.0007,-152.19,0
BackS063115,38.8251,13.3215,1.010e-18,9.040e-19,5.002e-19,-0.0004,-147.39,0
BackS063120,38.9842,13.3450,5.223e-19,4.917e-19,3.133e-19,0.0001,-149.58,0
BackS063122,39.0107,13.2975,1.485e-18,2.265e-18,3.988e-18,0.0001,-150.11,0
BackS063126,39.1643,13.3171,1.215e-19,1.344e-19,1.193e-19,0.0002,-152.23,0
BackS063127,39.1737,13.3202,1.905e-19,2.070e-19,1.683e-19,-0.0001,-152.25,0
BackS063135,38.9661,13.2962,9.708e-15,6.498e-15,2.106e-15,-0.0008,-149.5,0
BackS097416,43.0939,18.0411,2.221e-19,3.496e-19,6.476e-19,0.0009,-10.37,0
BackS102289,31.9645,22.9040,1.223e-18,1.692e-18,2.304e-18,0.0011,-6.83,0
BackS102291,32.1633,22.9904,1.382e-17,1.477e-17,1.236e-17,0.0005,-7.12,0
BackS102292,31.6994,21.7503,4.899e-19,6.861e-19,1.022e-18,-0.0001,-3.59,0
BackS102293,31.8491,22.9500,4.028e-17,9.496e-17,4.031e-16,-0.0011,-6.27,0
BackS102296,31.9384,22.5968,1.978e-19,2.936e-19,4.752e-19,0.0006,-4.53,0
BackS102297,32.0355,22.8316,1.069e-18,1.360e-18,1.686e-18,0.0003,-6.46,0
BackS102299,31.8033,23.3088,2.345e-19,3.418e-19,5.399e-19,0.0004,-6.36,0
BackS102300,32.0593,23.2181,1.195e-19,1.986e-19,4.056e-19,0.001,-7.12,0
BackS102302,31.3167,22.6039,1.273e-19,2.122e-19,4.230e-19,0.0007,-4.85,0
BackS102304,31.3323,22.2012,6.959e-17,7.116e-17,5.402e-17,0.0006,-3.59,0
BackS102306,31.8977,22.6902,1.345e-18,1.725e-18,2.112e-18,0.0009,-5.13,0
BackS102312,31.0514,22.3694,1.134e-20,2.266e-20,7.058e-20,-0.0,-4.64,0
BackS102313,31.6833,22.3826,1.701e-19,2.513e-19,3.997e-19,-0.0001,-3.43,0
BackS102314,31.7645,22.5052,1.299e-17,1.386e-17,1.159e-17,0.0007,-3.77,0
BackS102317,31.8760,22.6860,2.826e-20,5.857e-20,1.872e-19,-0.0001,-3.91,0
BackS102322,31.8626,22.7436,1.167e-19,1.919e-19,3.854e-19,0.0002,-6.5,0
BackS102323,32.3037,23.6064,1.456e-17,1.545e-17,1.253e-17,0.0003,-7.47,0
BackS102324,32.0047,22.7198,2.803e-18,3.523e-18,4.173e-18,0.0003,-6.31,0
BackS102327,32.8041,23.0396,2.266e-18,2.898e-18,3.534e-18,0.0001,-6.14,0
BackS102329,31.8149,22.7194,8.821e-17,8.067e-17,4.895e-17,0.0003,-5.3,0
BackS102331,31.8245,22.7090,8.637e-19,1.210e-18,1.810e-18,0.0003,-4.09,0
BackS102332,31.8310,22.3501,1.931e-18,2.572e-18,3.421e-18,0.0002,-3.86,0
BackS102336,33.4998,23.9446,3.939e-18,4.615e-18,4.387e-18,0.0008,-6.77,0
BackS102337,31.9253,22.7076,9.447e-17,8.309e-17,4.760e-17,0.0003,-5.69,0
BackS102338,31.8591,22.5342,5.548e-18,6.256e-18,5.590e-18,-0.0003,-3.88,0
BackS102339,32.0665,22.6231,2.727e-17,2.694e-17,1.860e-17,0.0,-5.24,0
BackS102341,31.9044,23.0685,5.904e-18,6.565e-18,5.995e-18,0.0007,-6.68,0
BackS102343,32.7572,23.5580,1.718e-20,3.278e-20,8.981e-20,0.0012,-7.37,0
BackS102344,31.9823,22.6998,3.634e-18,4.441e-18,4.841e-18,-0.0001,-5.47,0
BackS102345,31.8171,22.5588,1.592e-16,2.597e-16,5.418e-16,-0.0004,-3.99,0
BackS102346,31.6930,22.5110,1.267e-19,2.028e-19,3.876e-19,-0.0,-3.78,0
BackS102347,32.1160,22.7973,5.341e-17,5.004e-17,3.179e-17,0.0,-6.34,0
BackS102350,32.0677,23.0008,1.897e-19,2.949e-19,5.367e-19,0.0001,-7.12,0
BackS102351,31.8214,22.7059,1.364e-19,2.154e-19,4.114e-19,0.0009,-5.2,0
BackS102354,31.2340,22.4014,3.958e-18,4.821e-18,5.409e-18,0.0007,-4.41,0
BackS102356,31.9074,22.7194,1.147e-19,1.979e-19,4.356e-19,0.0013,-5.52,0
BackS102357,31.7831,22.9803,4.662e-19,7.037e-19,1.153e-18,0.0002,-6.06,0
BackS102359,31.8364,22.6364,2.743e-19,4.112e-19,7.089e-19,-0.0003,-4.25,0
BackS102360,31.7210,22.4029,6.404e-18,7.342e-18,6.929e-18,-0.0004,-3.54,0
BackS102362,32.5548,23.4559,1.640e-18,2.042e-18,2.282e-18,0.0,-7.4,0
BackS102364,31.4825,22.2521,5.399e-19,7.573e-19,1.110e-18,0.0008,-3.55,0
BackS102365,31.1571,22.3936,6.090e-20,1.075e-19,2.487e-19,-0.0001,-4.46,0
BackS102366,32.2626,22.6642,3.232e-17,3.155e-17,2.130e-17,-0.0001,-5.51,0
BackS102368,31.9772,22.8015,2.381e-20,4.860e-20,1.541e-19,0.0001,-6.11,0
BackS102369,31.9083,22.6259,1.104e-17,1.120e-17,8.231e-18,0.0,-4.68,0
BackS102370,32.0125,22.8847,3.859e-19,5.640e-19,8.642e-19,0.0011,-6.78,0
BackS102371,32.2291,22.7829,2.528e-17,2.539e-17,1.875e-17,0.0001,-5.72,0
BackS102372,31.5177,22.0833,1.179e-16,2.276e-16,6.422e-16,0.0004,-3.11,0
BackS102373,31.9972,22.8532,3.361e-18,4.015e-18,4.136e-18,-0.0001,-6.79,0
BackS102381,32.7759,24.0905,2.445e-12,1.701e-12,6.093e-13,0.0003,-7.8,0
BackS102383,31.8168,22.5744,1.696e-16,3.031e-16,6.955e-16,0.0001,-4.04,0
BackS102384,32.3894,23.3313,1.062e-17,1.179e-17,1.016e-17,0.0004,-7.39,0
BackS102385,31.8600,22.7250,5.462e-20,9.341e-20,2.100e-19,0.0004,-6.51,0
BackS102386,31.7504,22.7391,1.523e-20,2.839e-20,7.660e-20,0.0009,-5.32,0
BackS102388,31.0704,21.4487,1.155e-20,2.253e-20,6.593e-20,0.0007,-2.77,0
BackS102391,31.9742,22.7724,7.285e-19,9.858e-19,1.355e-18,0.0007,-6.12,0
BackS102392,31.3165,22.1596,1.126e-17,1.257e-17,1.100e-17,-0.0011,-3.53,0
BackS102393,31.4117,22.0997,1.306e-20,2.800e-20,9.480e-20,0.0012,-3.26,0
BackS102396,31.9854,22.5686,1.128e-16,1.022e-16,6.318e-17,0.0007,-4.8,0
BackS102397,31.9246,22.6932,3.414e-19,4.852e-19,7.283e-19,0.0006,-5.65,0
BackS102398,31.0062,21.6604,9.718e-20,1.609e-19,3.269e-19,0.0009,-2.99,0
BackS102404,31.8420,22.8486,8.383e-20,1.451e-19,3.251e-19,0.0007,-6.18,0
BackS102405,32.3719,23.8783,5.523e-19,7.750e-19,1.152e-18,0.001,-7.4,0
BackS102409,31.9716,22.7805,2.281e-17,2.364e-17,1.862e-17,0.0004,-6.52,0
BackS102411,31.2470,21.7820,3.651e-19,5.115e-19,7.591e-19,0.0002,-2.9,0
BackS102412,31.8717,22.7280,7.993e-16,1.096e-15,1.564e-15,0.0008,-6.04,0
BackS102416,31.9565,22.8498,2.166e-19,3.223e-19,5.474e-19,0.0008,-6.69,0
BackS102419,32.2904,23.1088,1.142e-19,1.849e-19,3.603e-19,0.0001,-7.25,0
BackS102423,31.8876,22.7792,6.468e-20,1.110e-19,2.521e-19,0.0001,-5.99,0
BackS102426,31.8113,22.6774,1.281e-16,1.087e-16,5.814e-17,0.0013,-5.11,0
BackS102427,31.8635,22.7592,3.110e-18,3.700e-18,3.905e-18,-0.0013,-5.76,0
BackS102428,31.8284,22.8238,3.403e-17,3.492e-17,2.591e-17,0.0008,-6.13,0
BackS102431,30.7658,21.4639,6.254e-20,1.004e-19,1.913e-19,0.0012,-3.32,0
BackS102433,31.9649,22.7555,6.576e-19,9.238e-19,1.335e-18,0.0004,-6.5,0
BackS102435,31.9169,22.8696,4.821e-20,8.444e-20,1.954e-19,0.0003,-6.48,0
BackS102437,30.9703,21.4186,1.271e-17,1.408e-17,1.267e-17,0.0008,-2.83,0
BackS102438,31.8392,22.5039,1.233e-17,1.280e-17,1.032e-17,0.0003,-3.97,0
BackS102439,32.2295,23.1370,5.221e-18,6.409e-18,6.903e-18,0.0004,-7.1,0
BackS102441,31.6556,22.9260,5.235e-20,8.703e-20,1.785e-19,0.0009,-5.55,0
BackS102442,31.8295,22.9339,3.151e-20,6.069e-20,1.724e-19,0.0,-6.48,0
BackS102444,32.1385,22.6507,1.590e-18,2.046e-18,2.504e-18,0.0003,-5.47,0
BackS102445,32.0236,22.8402,9.574e-18,1.131e-17,1.147e-17,0.0002,-6.35,0
BackS102448,31.9067,22.8123,3.192e-20,5.971e-20,1.593e-19,0.0006,-6.05,0
BackS102449,31.2360,21.5516,2.611e-17,2.739e-17,2.173e-17,0.0008,-2.88,0
BackS102452,32.5943,24.3127,1.738e-19,2.871e-19,5.852e-19,0.0007,-7.69,0
BackS102453,31.9470,22.6648,6.903e-20,1.237e-19,3.048e-19,-0.0004,-5.18,0
BackS102455,31.6621,22.4437,3.524e-19,4.937e-19,7.283e-19,0.0006,-3.64,0
BackS102456,31.8609,22.7154,2.964e-20,4.928e-20,1.015e-19,0.0004,-6.67,0
BackS102458,32.1986,23.2744,4.614e-18,5.486e-18,5.572e-18,0.001,-7.28,0
BackS102459,31.9656,22.7099,1.736e-19,2.743e-19,5.147e-19,0.0005,-5.65,0
BackS102460,31.1951,21.2415,2.879e-19,4.550e-19,8.391e-19,0.0007,-2.79,0
BackS102461,31.9267,22.5587,1.200e-20,2.216e-20,5.652e-20,0.0011,-4.44,0
BackS102462,31.8548,22.5117,5.521e-18,5.927e-18,5.078e-18,-0.0,-4.17,0
BackS102463,31.8808,22.4104,3.310e-12,3.035e-12,1.797e-12,0.0007,-4.34,1
BackS102464,31.9520,22.9604,8.466e-18,9.254e-18,8.014e-18,-0.0002,-6.84,0
BackS102465,31.5122,21.9547,4.916e-17,4.656e-17,2.939e-17,0.0003,-3.12,0
BackS102467,31.8410,22.7123,1.169e-16,1.983e-16,4.149e-16,-0.0005,-5.31,0
BackS102468,31.7226,22.7066,7.268e-20,1.178e-19,2.318e-19,0.0004,-5.11,0
BackS102469,31.5168,22.5012,1.046e-20,2.187e-20,7.073e-20,0.0009,-4.52,0
BackS102471,31.6323,22.9523,7.377e-17,6.675e-17,3.936e-17,0.0009,-5.62,0
BackS102472,31.7662,22.6502,1.362e-19,2.190e-19,4.309e-19,0.0009,-4.28,0
BackS102473,31.8086,22.8106,7.106e-20,1.195e-19,2.484e-19,0.0001,-5.8,0
BackS102474,31.8874,22.6173,3.321e-16,2.689e-16,1.323e-16,-0.0004,-4.52,0
BackS102476,31.9572,22.7016,1.772e-19,2.905e-19,5.812e-19,-0.0002,-6.51,0
BackS102477,31.8862,22.6436,2.040e-16,3.970e-16,1.138e-15,0.0011,-4.24,0
BackS102479,31.9643,23.1074,3.060e-18,3.600e-18,3.661e-18,-0.0003,-6.84,0
BackS102483,32.1435,23.0751,9.262e-17,8.483e-17,4.946e-17,-0.0003,-7.22,0
BackS102486,31.8343,22.7399,1.425e-19,2.286e-19,4.459e-19,-0.0004,-5.67,0
BackS102487,32.2361,23.2557,1.160e-19,1.923e-19,3.804e-19,0.0001,-7.39,0
BackS102488,32.1880,23.3924,1.187e-18,1.668e-18,2.396e-18,-0.0006,-7.22,0
BackS102489,32.1732,23.1123,4.187e-19,5.894e-19,8.664e-19,0.0018,-7.22,0
BackS102490,30.9871,21.8783,7.938e-19,1.077e-18,1.483e-18,0.001,-3.62,0
BackS102492,31.7814,22.6841,2.336e-19,3.558e-19,6.208e-19,0.0004,-4.05,0
BackS102493,31.7155,22.5633,2.676e-17,2.616e-17,1.746e-17,-0.0,-4.24,0
BackS102494,31.6002,22.5088,1.140e-20,2.375e-20,8.042e-20,-0.0004,-4.16,0
BackS102496,31.7219,22.4949,3.589e-20,6.388e-20,1.553e-19,0.0004,-3.78,0
BackS102497,32.2787,23.2820,6.441e-20,1.096e-19,2.417e-19,0.0005,-7.33,0
BackS102498,31.9867,22.8407,6.869e-17,6.186e-17,3.477e-17,0.0005,-6.75,0
BackS102500,31.6865,22.3438,1.051e-16,1.675e-16,3.138e-16,0.0006,-3.39,0
BackS102503,31.5202,22.3428,9.049e-20,1.568e-19,3.585e-19,0.0003,-3.26,0
BackS102504,32.2003,21.8609,3.763e-18,4.725e-18,5.268e-18,-0.0002,-4.59,0
BackS102507,30.8309,22.1890,5.825e-19,7.780e-19,1.012e-18,0.0001,-4.46,0
BackS102508,31.9558,22.8250,7.558e-12,6.020e-12,2.842e-12,-0.0001,-6.58,1
BackS102509,31.4968,22.4410,1.860e-16,1.571e-16,8.166e-17,0.0001,-3.97,0
BackS102510,32.1116,22.9513,7.042e-20,1.220e-19,2.791e-19,-0.0003,-6.96,0
BackS102511,31.6551,22.4286,5.170e-17,5.061e-17,3.518e-17,0.0001,-3.56,0
BackS102514,31.6332,22.3045,8.490e-18,8.686e-18,6.935e-18,-0.0002,-3.37,0
BackS102515,32.2203,22.9712,2.402e-16,4.408e-16,1.107e-15,0.0008,-6.52,0
BackS102517,32.0158,22.6669,3.050e-20,5.378e-20,1.306e-19,-0.0003,-5.32,0
BackS102518,31.7889,22.2157,1.202e-19,1.888e-19,3.294e-19,-0.0002,-3.92,0
BackS102519,32.0140,22.8572,7.534e-18,8.665e-18,8.583e-18,-0.0002,-6.3,0
BackS102523,31.8184,22.7811,1.366e-16,2.443e-16,5.848e-16,0.0005,-5.94,0
BackS102527,31.8873,22.7583,4.494e-19,6.223e-19,8.576e-19,0.0009,-6.19,0
BackS102528,31.8001,22.6718,1.465e-16,2.469e-16,5.382e-16,0.0005,-4.85,0
BackS102529,32.3131,23.1493,3.629e-17,3.342e-17,2.082e-17,-0.0003,-6.99,0
BackS102531,32.1227,22.8725,2.521e-12,2.957e-12,3.033e-12,0.0003,-6.56,0
BackS102532,31.8198,22.4562,6.347e-19,8.343e-19,1.099e-18,0.0003,-4.08,0
BackS102534,32.2040,23.4338,7.571e-17,1.739e-16,7.003e-16,-0.0002,-7.46,0
BackS102536,32.2269,23.2792,1.569e-18,2.068e-18,2.599e-18,-0.0001,-7.43,0
BackS102538,32.5956,23.0750,7.443e-17,6.780e-17,4.149e-17,-0.0004,-6.38,0
BackS102539,32.0707,23.1186,2.828e-20,5.134e-20,1.296e-19,0.0008,-7.17,0
BackS102542,31.4296,21.3812,1.103e-19,1.943e-19,4.417e-19,0.0009,-3.15,0
BackS102544,31.9059,22.6914,1.950e-18,2.587e-18,3.262e-18,0.0006,-4.23,0
BackS102546,31.9883,22.6984,2.312e-20,4.278e-20,1.071e-19,0.0,-5.75,0
BackS102547,32.1258,22.7535,4.894e-20,8.614e-20,1.989e-19,0.0002,-5.75,0
BackS102549,31.4828,21.9496,1.812e-16,3.330e-16,8.399e-16,0.0002,-3.18,0
BackS102552,31.6946,22.2015,4.244e-20,7.432e-20,1.772e-19,-0.0001,-3.88,0
BackS102553,31.9046,21.8571,5.995e-19,8.516e-19,1.271e-18,0.0001,-4.17,0
BackS102554,31.6301,22.8083,1.558e-20,3.195e-20,1.006e-19,0.0007,-5.31,0
BackS102556,32.0108,22.8609,3.989e-18,4.764e-18,4.990e-18,0.0007,-6.72,0
BackS102557,31.9658,22.5618,5.025e-19,6.661e-19,8.710e-19,0.0007,-4.88,0
BackS102559,31.8246,22.5745,3.350e-12,3.320e-12,2.331e-12,0.0012,-4.04,1
BackS102561,31.7449,22.4330,3.496e-19,5.166e-19,8.569e-19,0.0008,-3.66,0
BackS102562,31.8581,22.7061,8.648e-18,9.309e-18,7.889e-18,0.0007,-3.81,0
BackS102563,32.2364,23.3186,2.776e-20,5.402e-20,1.498e-19,-0.0005,-7.51,0
BackS102564,31.9122,22.7351,1.095e-17,1.176e-17,9.653e-18,0.0008,-6.02,0
BackS102565,31.9365,22.5896,1.273e-17,1.317e-17,1.022e-17,0.001,-4.43,0
BackS102567,31.9484,22.5075,5.239e-20,8.395e-20,1.608e-19,0.0006,-4.65,0
BackS102568,31.8902,22.7384,3.773e-20,6.998e-20,1.735e-19,0.0007,-5.85,0
BackS102570,32.2384,23.2181,1.193e-18,1.600e-18,2.144e-18,0.0002,-7.27,0
BackS102571,31.7036,22.4316,1.144e-18,1.525e-18,1.933e-18,-0.0003,-3.56,0
BackS102575,32.0514,23.1136,5.594e-16,4.483e-16,2.019e-16,0.0005,-6.94,0
BackS102576,32.0363,23.0267,6.844e-16,5.393e-16,2.464e-16,0.0009,-7.06,0
BackS102578,32.1553,23.0306,2.463e-20,4.937e-20,1.457e-19,0.0003,-6.93,0
BackS102579,31.6044,22.2437,2.617e-17,2.726e-17,2.151e-17,0.0007,-3.26,0
BackS102580,31.9546,22.6885,1.541e-17,1.706e-17,1.582e-17,0.0009,-6.42,0
BackS102582,31.7240,22.5981,3.359e-20,6.032e-20,1.472e-19,0.0002,-3.87,0
BackS102583,31.6827,23.0873,8.807e-18,1.050e-17,1.102e-17,0.001,-6.92,0
BackS102585,31.8983,22.3015,5.668e-17,5.412e-17,3.499e-17,0.0003,-3.33,0
BackS102586,31.8615,22.3688,1.780e-18,2.251e-18,2.664e-18,-0.0001,-3.69,0
BackS102587,31.8698,22.2317,6.363e-12,4.724e-12,1.905e-12,-0.0005,-3.66,0
BackS102588,31.5672,23.0407,8.649e-17,1.382e-16,2.730e-16,-0.0004,-7.14,0
BackS102592,31.6065,22.1747,7.176e-16,5.801e-16,2.673e-16,0.0,-3.24,0
BackS102593,31.9976,23.1281,9.073e-20,1.473e-19,2.935e-19,0.0005,-7.2,0
BackS102594,31.4275,22.4586,7.408e-17,6.626e-17,3.958e-17,0.001,-3.34,0
BackS102595,31.2778,22.4698,5.250e-18,5.659e-18,4.975e-18,0.0011,-3.97,0
BackS102596,31.6859,22.6117,7.418e-17,1.409e-16,3.724e-16,-0.0002,-3.99,0
BackS102597,31.8072,22.7410,1.344e-20,2.688e-20,7.898e-20,0.001,-6.34,0
BackS102599,31.8333,22.5470,7.138e-17,1.168e-16,2.337e-16,0.0,-3.87,0
BackS102600,31.8829,22.7654,8.338e-17,7.425e-17,4.193e-17,0.0008,-6.25,0
BackS102601,32.1075,23.2384,5.977e-17,1.096e-16,2.684e-16,-0.0008,-7.37,0
BackS102603,32.0582,22.6411,2.058e-20,4.073e-20,1.216e-19,0.0011,-5.24,0
BackS102604,32.1929,22.5593,1.487e-16,2.951e-16,8.554e-16,0.0005,-4.78,0
BackS102605,31.6677,23.1014,3.925e-19,5.554e-19,8.048e-19,0.0007,-6.65,0
BackS102606,31.3413,22.0213,3.097e-16,5.500e-16,1.345e-15,0.0,-3.07,0
BackS102608,31.9779,22.8897,3.035e-16,4.632e-16,8.044e-16,-0.0001,-6.22,0
BackS102609,32.0283,23.4236,9.328e-19,1.228e-18,1.579e-18,0.0003,-7.51,0
BackS102610,31.8102,22.5583,5.542e-12,4.814e-12,2.617e-12,0.0005,-3.98,1
BackS102611,31.5890,22.4983,3.459e-18,4.237e-18,4.690e-18,0.0003,-4.09,0
BackS102613,31.9926,23.0130,1.121e-16,1.074e-16,6.977e-17,0.0001,-6.89,0
BackS102614,31.5780,22.8197,7.864e-19,1.029e-18,1.335e-18,0.0001,-5.48,0
BackS102615,31.9699,22.5528,1.703e-18,2.068e-18,2.260e-18,0.0011,-3.74,0
BackS102617,31.8826,22.5302,1.132e-17,1.187e-17,9.706e-18,0.001,-4.63,0
BackS102618,31.8735,22.3795,2.163e-16,1.812e-16,9.261e-17,0.0,-3.88,0
BackS102619,31.7861,22.5790,1.569e-18,2.017e-18,2.478e-18,0.0011,-4.16,0
BackS102620,31.9126,22.1724,3.588e-17,6.308e-17,1.396e-16,0.0008,-3.5,0
BackS102621,31.3990,22.7855,3.296e-17,3.293e-17,2.414e-17,0.0007,-4.87,0
BackS102622,32.1665,22.8755,2.818e-20,5.113e-20,1.219e-19,0.0002,-6.56,0
BackS102623,32.1888,22.9028,1.209e-16,2.028e-16,4.318e-16,0.0005,-7.12,0
BackS102624,32.2631,23.0426,5.989e-18,6.932e-18,6.613e-18,0.0003,-7.44,0
BackS102625,32.0215,22.8626,4.244e-19,6.382e-19,1.065e-18,0.0002,-6.37,0
BackS102626,31.5876,22.9332,4.221e-17,4.105e-17,2.782e-17,-0.0003,-6.67,0
BackS102628,32.1058,23.1176,4.069e-17,4.132e-17,3.166e-17,0.0004,-7.2,0
BackS102629,31.8639,22.4633,6.296e-16,5.031e-16,2.256e-16,0.0,-4.06,0
BackS102631,32.1097,22.4540,1.871e-18,2.433e-18,2.938e-18,0.0004,-4.31,0
BackS102632,31.6790,22.7777,6.643e-16,5.152e-16,2.215e-16,-0.0006,-6.91,0
BackS102633,32.0428,22.5166,7.172e-20,1.212e-19,2.598e-19,0.0006,-4.06,0
BackS102634,31.6192,22.3670,6.517e-20,1.146e-19,2.592e-19,0.0004,-3.4,0
BackS102635,31.8536,22.3756,1.281e-16,1.175e-16,6.932e-17,0.0006,-3.65,0
BackS102636,31.7440,22.8387,4.542e-20,7.525e-20,1.524e-19,0.0014,-6.08,0
BackS102638,31.6110,22.6314,5.806e-16,4.639e-16,2.216e-16,0.0009,-4.4,0
BackS102639,32.0411,22.7826,1.229e-17,1.330e-17,1.098e-17,0.0012,-5.87,0
BackS102640,31.5592,22.5503,6.478e-18,7.285e-18,6.661e-18,-0.0005,-3.52,0
BackS102642,31.9651,22.6341,4.320e-18,5.124e-18,5.225e-18,0.0002,-4.97,0
BackS102643,31.7384,22.7591,2.087e-17,2.151e-17,1.701e-17,0.0003,-5.5,0
BackS102644,32.0184,22.6596,3.242e-20,6.342e-20,1.833e-19,0.0007,-5.26,0
BackS102646,32.0217,22.7734,6.161e-12,4.493e-12,1.780e-12,0.0008,-5.88,0
BackS102647,31.3725,22.3952,4.072e-17,3.935e-17,2.577e-17,0.0003,-3.71,0
BackS102650,31.8534,22.6838,1.032e-20,2.146e-20,7.076e-20,-0.0006,-5.11,0
BackS102652,31.8302,22.3384,1.451e-19,2.217e-19,3.724e-19,-0.0002,-3.84,0
BackS102654,31.9581,23.0048,3.376e-18,3.643e-18,3.215e-18,0.0006,-6.69,0
BackS102655,31.5278,22.6714,2.530e-16,2.144e-16,1.126e-16,0.0006,-3.68,0
BackS102656,32.3525,22.8463,5.087e-12,3.758e-12,1.541e-12,0.0004,-7.07,0
BackS102658,31.6545,22.9266,1.866e-16,4.519e-16,2.006e-15,0.0003,-5.96,0
BackS102660,31.5975,22.3318,3.271e-12,2.252e-12,7.660e-13,0.0002,-3.35,0
BackS102662,31.9466,23.0455,3.236e-16,2.800e-16,1.454e-16,0.0003,-7.04,0
BackS102663,32.3393,23.0354,8.797e-12,6.844e-12,3.018e-12,0.0005,-7.1,1
BackS102664,32.1276,22.5333,4.148e-12,2.926e-12,1.075e-12,0.0008,-4.13,0
BackS102666,32.2857,22.4413,3.649e-15,1.168e-14,9.287e-14,-0.0006,-4.7,0
BackS102668,31.8601,22.8786,2.005e-16,3.355e-16,6.967e-16,0.0002,-6.78,0
BackS102671,31.9223,22.5298,3.951e-17,3.727e-17,2.421e-17,-0.0002,-4.01,0
BackS102672,32.0979,22.6402,1.089e-16,9.681e-17,5.509e-17,0.0006,-5.4,0
BackS102673,32.1400,22.1402,2.076e-17,2.150e-17,1.717e-17,0.0012,-4.03,0
BackS102674,32.1256,22.6877,3.566e-15,2.601e-15,1.022e-15,-0.0003,-5.85,0
BackS102677,31.2067,22.2874,1.587e-16,2.549e-16,4.698e-16,0.0003,-3.25,0
BackS102680,31.3545,22.6713,4.044e-17,3.782e-17,2.341e-17,0.0005,-3.64,0
BackS102682,31.8444,22.1561,8.222e-18,9.356e-18,8.803e-18,0.0002,-3.29,0
BackS102684,32.0877,22.5497,3.508e-16,2.935e-16,1.515e-16,-0.0003,-3.58,0
BackS102685,31.7694,22.7235,1.130e-18,1.503e-18,2.006e-18,0.0008,-5.16,0
BackS102686,31.9354,22.7774,1.116e-15,8.580e-16,3.659e-16,0.0001,-6.3,1
BackS102687,31.9260,22.8095,2.205e-17,2.232e-17,1.629e-17,-0.0001,-6.15,0
BackS102688,31.6797,22.5400,3.067e-12,3.415e-12,2.975e-12,0.0005,-3.74,0
BackS102689,31.8622,22.2872,7.078e-16,5.679e-16,2.693e-16,0.0008,-3.53,0
BackS102691,31.9766,22.7271,4.648e-16,3.740e-16,1.819e-16,0.0004,-5.5,0
BackS102692,31.6563,22.6411,6.703e-18,7.857e-18,7.610e-18,-0.0003,-4.4,0
BackS102693,31.3162,22.2554,1.343e-18,1.704e-18,1.995e-18,0.0009,-3.36,0
BackS102694,31.7383,22.7709,9.044e-19,1.252e-18,1.759e-18,-0.0003,-5.73,0
BackS102695,31.8826,22.5390,1.031e-16,9.563e-17,5.724e-17,-0.0002,-4.65,0
BackS102696,32.0660,23.0533,1.184e-20,2.503e-20,8.269e-20,-0.0003,-7.17,0
BackS102698,32.1169,22.5841,4.423e-17,7.650e-17,1.669e-16,-0.0003,-4.53,0
BackS102700,31.6478,22.2561,7.915e-18,9.097e-18,8.587e-18,-0.0,-3.4,0
BackS102702,31.7258,22.4857,5.364e-19,7.165e-19,9.284e-19,-0.0004,-3.67,0
BackS102703,31.8048,22.7881,3.082e-17,3.118e-17,2.315e-17,0.0005,-6.29,0
BackS102704,31.9203,22.7225,1.157e-18,1.492e-18,1.864e-18,0.0001,-5.49,0
BackS102707,31.9715,22.7434,1.912e-20,3.979e-20,1.310e-19,-0.0004,-6.44,0
BackS102708,32.0402,22.6539,7.408e-18,8.425e-18,8.003e-18,-0.001,-5.3,0
BackS102709,31.9301,22.4655,1.682e-18,2.140e-18,2.552e-18,0.0003,-4.51,0
BackS102710,31.5401,22.4007,1.970e-19,2.999e-19,5.179e-19,0.0001,-3.44,0
BackS102711,31.9313,22.4071,2.291e-18,2.975e-18,3.612e-18,-0.0001,-4.03,0
BackS102712,31.4951,22.7930,4.355e-15,3.114e-15,1.154e-15,0.0017,-5.13,0
BackS102713,32.2072,22.4940,1.699e-18,2.275e-18,3.033e-18,0.0003,-4.85,0
BackS102717,31.6943,22.5057,3.148e-18,3.581e-18,3.477e-18,0.0006,-3.78,0
BackS102718,32.2277,23.1907,1.717e-19,2.763e-19,5.355e-19,0.0002,-7.35,0
BackS102721,32.1719,23.0123,3.971e-18,4.740e-18,4.931e-18,-0.0001,-7.14,0
BackS102723,32.0717,22.8783,5.682e-17,9.591e-17,2.049e-16,0.0001,-6.81,0
BackS102727,32.0100,22.9205,1.364e-16,1.256e-16,7.340e-17,0.0002,-6.84,0
BackS102728,31.9891,22.8745,2.000e-16,1.779e-16,9.873e-17,0.0008,-6.85,0
BackS102730,31.7610,22.5248,9.191e-18,9.832e-18,7.782e-18,0.0001,-3.82,0
BackS102731,31.6684,22.5231,1.592e-19,2.673e-19,5.688e-19,-0.0004,-3.89,0
BackS102733,31.6687,22.4596,2.487e-17,2.542e-17,1.874e-17,-0.0003,-3.61,0
BackS102734,31.7332,22.5528,2.826e-19,4.071e-19,6.397e-19,0.0006,-4.06,0
BackS102735,31.6825,22.4884,2.883e-19,4.641e-19,8.553e-19,0.0,-3.73,0
BackS102736,31.9634,22.8965,3.524e-19,5.021e-19,7.581e-19,0.0002,-6.83,0
BackS102737,31.7644,22.4667,3.436e-17,3.580e-17,2.954e-17,0.0003,-3.65,0
BackS102738,31.7932,22.5548,8.846e-18,9.857e-18,8.711e-18,-0.0004,-3.81,0
BackS102739,31.6992,22.4461,1.533e-20,3.032e-20,8.992e-20,0.0001,-3.72,0
BackS102740,31.7546,22.4903,2.495e-19,3.979e-19,7.621e-19,0.001,-3.75,0
BackS102741,32.0381,22.9356,1.461e-16,2.718e-16,7.085e-16,0.0011,-6.95,0
BackS102742,31.7626,22.4842,2.792e-17,2.851e-17,2.173e-17,0.0001,-3.76,0
BackS102743,32.0427,22.9614,1.985e-16,1.735e-16,9.647e-17,0.0007,-7.07,0
BackS102744,32.0384,22.8766,3.345e-18,3.956e-18,3.942e-18,0.001,-6.88,0
BackS102745,31.7532,22.5063,1.012e-17,1.055e-17,7.973e-18,-0.0001,-3.77,0
BackS102746,32.0976,22.9451,1.364e-16,1.182e-16,6.577e-17,0.0001,-6.97,0
BackS102747,32.0223,22.8720,1.939e-18,2.407e-18,2.773e-18,-0.0002,-6.68,0
BackS102749,31.7559,22.4603,3.309e-17,3.179e-17,2.105e-17,0.0012,-3.68,0
BackS102750,31.6870,22.4165,1.997e-16,1.811e-16,1.058e-16,-0.0003,-3.49,0
BackS102752,31.6724,22.4273,3.365e-16,4.925e-16,7.478e-16,0.0008,-3.51,0
BackS102753,32.0361,22.9853,2.838e-17,2.920e-17,2.252e-17,-0.0002,-7.1,0
BackS102754,31.7258,22.4830,7.246e-16,5.580e-16,2.394e-16,0.0017,-3.67,0
BackS102756,31.7248,22.4290,3.623e-19,5.412e-19,9.284e-19,0.0001,-3.56,0
BackS102757,32.2097,23.0771,1.415e-15,1.103e-15,4.861e-16,0.0004,-7.18,1
BackS102758,32.0803,22.9178,2.073e-17,2.155e-17,1.709e-17,0.0007,-6.95,0
BackS102761,31.7141,22.4517,8.507e-18,9.483e-18,8.522e-18,0.0001,-3.6,0
BackS102762,32.0393,22.9685,1.926e-15,1.490e-15,6.305e-16,0.0002,-7.01,1
BackS102763,31.6575,22.4594,3.730e-18,4.581e-18,5.218e-18,0.0003,-3.66,0
BackS102764,31.7352,22.5283,3.962e-17,3.767e-17,2.504e-17,-0.0004,-3.85,0
BackS102766,32.1116,23.0114,9.689e-16,7.389e-16,3.020e-16,-0.0001,-7.18,1
BackS102767,31.9794,22.9374,5.856e-19,8.380e-19,1.302e-18,0.0014,-6.98,0
BackS102768,31.7857,22.5218,1.515e-18,2.042e-18,2.692e-18,0.0003,-3.97,0
BackS102770,32.0592,23.0189,1.611e-17,1.783e-17,1.589e-17,0.0004,-7.11,0
BackS102771,31.5870,22.3144,8.004e-18,8.963e-18,7.912e-18,0.0003,-3.42,0
BackS102772,32.1045,23.1161,9.198e-20,1.528e-19,3.038e-19,0.0003,-7.33,0
BackS102773,32.0713,22.8912,4.113e-12,2.877e-12,1.054e-12,0.0005,-6.71,0
BackS102774,32.1240,23.0332,2.174e-17,2.223e-17,1.688e-17,0.0003,-7.06,0
BackS102776,32.0552,22.8965,1.055e-17,1.165e-17,1.003e-17,0.0001,-6.86,0
BackS102777,32.0801,22.8970,2.781e-16,2.195e-16,1.009e-16,0.0008,-6.74,0
BackS102778,32.1068,22.9631,3.662e-17,3.746e-17,2.860e-17,0.0006,-7.02,0
BackS102779,31.5921,22.3691,2.432e-18,3.110e-18,3.804e-18,-0.0006,-3.32,0
BackS102782,32.0937,23.0304,1.821e-15,1.437e-15,6.268e-16,0.0002,-7.1,1
BackS102784,32.0438,22.9025,1.428e-19,2.253e-19,4.006e-19,0.0007,-6.89,0
BackS102785,31.5600,22.2902,3.090e-19,4.686e-19,7.908e-19,0.0002,-3.27,0
BackS102786,32.1415,23.1339,1.092e-16,2.081e-16,5.699e-16,0.0011,-7.3,0
BackS102787,32.1196,23.0372,3.090e-16,5.007e-16,1.001e-15,0.0012,-7.22,0
BackS102788,31.6749,22.4228,1.076e-17,1.150e-17,9.556e-18,0.0003,-3.57,0
BackS102789,32.0182,22.9421,9.129e-13,6.114e-13,1.994e-13,0.0004,-6.95,0
BackS102790,31.6797,22.4163,4.308e-17,4.292e-17,3.027e-17,0.001,-3.45,0
BackS102793,32.1045,23.0198,7.248e-17,1.260e-16,2.822e-16,0.0011,-7.14,0
BackS102795,32.1567,22.9945,8.041e-17,1.492e-16,3.891e-16,-0.0004,-7.02,0
BackS102796,31.5830,22.2774,1.041e-16,1.812e-16,4.164e-16,0.0003,-3.4,0
BackS102797,31.6967,22.4092,1.062e-16,9.445e-17,5.442e-17,0.0001,-3.54,0
BackS102798,32.1145,23.1645,3.856e-16,3.251e-16,1.647e-16,0.0002,-7.38,0
BackS102799,31.6728,22.3462,6.062e-17,9.159e-17,1.537e-16,0.0002,-3.35,0
BackS102800,31.7116,22.5267,4.264e-20,7.411e-20,1.694e-19,0.0008,-3.87,0
BackS102802,32.1066,23.0893,1.347e-16,1.158e-16,6.284e-17,-0.0005,-7.12,0
BackS102803,32.2166,23.1545,6.697e-18,7.744e-18,7.660e-18,-0.0003,-7.3,0
BackS102804,31.6477,22.4429,1.102e-20,2.052e-20,5.422e-20,0.0005,-3.75,0
BackS102805,31.6787,22.4303,5.306e-19,7.474e-19,1.088e-18,0.0,-3.62,0
BackS102807,32.0141,22.9209,7.901e-17,1.460e-16,3.746e-16,0.0003,-6.85,0
BackS102808,31.6018,22.2955,9.725e-19,1.421e-18,2.303e-18,0.0008,-3.39,0
BackS102810,32.1150,22.9768,7.732e-17,1.195e-16,2.062e-16,0.0005,-7.0,0
BackS102811,31.6241,22.3988,1.722e-18,2.257e-18,2.708e-18,0.0003,-3.42,0
BackS102812,31.6185,22.3541,1.929e-16,4.640e-16,1.996e-15,0.0004,-3.44,0
BackS102813,32.2787,23.1786,2.426e-16,4.131e-16,9.279e-16,0.0001,-7.39,0
BackS102815,32.2380,23.0867,7.455e-16,5.941e-16,2.819e-16,-0.0,-7.11,0
BackS102816,31.5595,22.3000,5.266e-17,4.999e-17,3.274e-17,0.0004,-3.38,0
BackS102817,31.6837,22.4088,1.201e-16,2.899e-16,1.272e-15,0.0003,-3.49,0
BackS102818,31.5632,22.1911,4.221e-16,1.029e-15,4.944e-15,0.0008,-3.07,0
BackS102819,32.1223,23.0343,3.722e-19,5.382e-19,8.463e-19,0.0002,-7.18,0
BackS102821,31.5098,22.2023,5.943e-16,4.757e-16,2.135e-16,-0.0002,-3.2,0
BackS102822,31.5667,22.2489,1.891e-19,2.988e-19,5.375e-19,0.0004,-3.26,0
BackS102823,31.5680,22.2998,1.967e-19,3.152e-19,6.123e-19,0.0011,-3.34,0
BackS102824,32.1663,23.0762,2.028e-19,3.149e-19,5.729e-19,0.0004,-7.21,0
BackS102826,31.7733,22.4351,2.175e-19,3.387e-19,6.129e-19,0.0001,-3.57,0
BackS102828,32.1543,23.0724,7.123e-20,1.217e-19,2.616e-19,-0.0002,-7.17,0
BackS102829,31.5789,22.1898,8.643e-20,1.402e-19,2.835e-19,-0.0007,-3.29,0
BackS102831,31.5273,22.2543,3.141e-17,3.253e-17,2.508e-17,0.0001,-3.31,0
BackS102832,32.1418,23.0086,3.180e-19,4.731e-19,7.740e-19,-0.0001,-7.19,0
BackS102833,32.1609,23.0637,2.864e-17,2.750e-17,1.921e-17,-0.0001,-7.28,0
BackS102836,32.1443,23.1790,3.324e-12,2.457e-12,9.411e-13,0.0005,-7.38,0
BackS102837,32.1548,23.0889,2.689e-19,4.036e-19,6.599e-19,0.0004,-7.26,0
BackS102840,32.0836,23.1690,1.549e-16,2.135e-16,2.928e-16,0.0001,-7.38,0
BackS102841,32.1595,23.1844,2.489e-18,3.053e-18,3.249e-18,0.0001,-7.32,0
BackS102842,31.6294,22.3403,1.229e-16,1.138e-16,6.832e-17,0.0,-3.47,0
BackS102843,31.4727,22.1794,8.053e-20,1.301e-19,2.564e-19,0.0005,-3.2,0
BackS102845,31.5126,22.1591,4.638e-16,3.853e-16,1.941e-16,0.0002,-3.27,0
BackS102846,32.1381,23.0720,3.558e-19,5.482e-19,9.490e-19,0.0009,-7.18,0
BackS102847,31.4929,22.1501,3.681e-16,5.765e-16,1.046e-15,0.0001,-3.16,0
BackS102848,32.2883,23.2323,1.554e-17,1.640e-17,1.303e-17,0.0009,-7.45,0
BackS102849,32.0868,23.0810,1.074e-18,1.408e-18,1.838e-18,0.0007,-7.23,0
BackS102850,31.6265,22.2686,7.261e-17,6.843e-17,4.200e-17,0.0003,-3.32,0
BackS102851,31.5958,22.1942,5.708e-19,7.973e-19,1.132e-18,0.0,-3.16,0
BackS102852,32.2548,23.1292,1.884e-17,1.901e-17,1.367e-17,-0.0001,-7.33,0
BackS102853,31.5421,22.1723,5.984e-18,7.135e-18,7.277e-18,0.0014,-3.18,0
BackS102854,31.4208,22.2038,3.068e-16,7.176e-16,3.004e-15,0.0003,-3.2,0
BackS102855,31.5834,22.1369,3.188e-17,3.033e-17,1.963e-17,0.0004,-3.18,0
BackS102856,31.5528,22.2235,2.881e-17,2.841e-17,2.001e-17,-0.0004,-3.19,0
BackS102857,32.3224,23.2818,1.739e-16,2.801e-16,5.353e-16,0.0009,-7.44,0
BackS102858,32.1472,23.1024,3.003e-19,4.338e-19,6.747e-19,0.0001,-7.24,0
BackS102859,32.3008,23.2056,8.004e-19,1.108e-18,1.623e-18,0.0006,-7.36,0
BackS102860,32.2803,23.2215,3.596e-20,6.506e-20,1.638e-19,0.0002,-7.4,0
BackS102863,31.4116,22.0128,1.796e-17,1.831e-17,1.406e-17,0.0008,-3.15,0
BackS102864,31.5403,22.1085,9.430e-17,8.669e-17,5.344e-17,0.0009,-3.14,0
BackS102865,31.5204,22.1329,1.327e-16,1.175e-16,6.791e-17,-0.0007,-3.15,0
BackS102866,31.4241,22.0598,1.290e-16,2.113e-16,4.025e-16,0.0005,-3.1,0
BackS102870,32.2449,23.2623,6.635e-17,1.100e-16,2.228e-16,0.0009,-7.44,0
BackS102871,32.3198,23.2501,2.801e-16,2.398e-16,1.254e-16,-0.0009,-7.45,0
BackS102872,32.2858,23.2472,6.544e-18,7.792e-18,7.747e-18,-0.0004,-7.44,0
BackS102873,31.4700,22.0624,8.898e-12,6.723e-12,2.844e-12,0.0003,-3.22,1
BackS102874,31.4779,22.1029,2.267e-20,3.785e-20,8.006e-20,0.0001,-3.23,0
BackS102875,32.2151,23.2064,3.580e-20,6.537e-20,1.641e-19,0.0006,-7.36,0
BackS102877,31.5554,22.2498,1.515e-18,2.036e-18,2.655e-18,0.001,-3.35,0
BackS102878,31.4650,22.1096,1.280e-17,1.350e-17,1.066e-17,-0.0003,-3.19,0
BackS102879,32.3894,23.4032,4.622e-16,6.715e-16,1.027e-15,0.0007,-7.48,0
BackS102881,31.5114,22.1793,9.429e-18,1.049e-17,9.323e-18,0.0004,-3.27,0
BackS102882,31.3882,22.0304,1.410e-17,1.428e-17,1.074e-17,0.0005,-3.17,0
BackS102884,31.5117,22.1294,9.970e-20,1.648e-19,3.320e-19,0.0003,-3.17,0
BackS102885,31.5102,22.1123,2.981e-19,4.566e-19,7.791e-19,-0.0005,-3.26,0
BackS102886,31.4921,22.1026,2.165e-19,3.360e-19,6.175e-19,0.0001,-3.09,0
BackS102887,32.3879,23.3703,2.537e-17,2.487e-17,1.696e-17,0.0006,-7.56,0
BackS102888,32.4774,23.4947,1.036e-20,2.024e-20,5.674e-20,0.001,-7.58,0
BackS102889,32.3881,23.3227,1.638e-17,1.817e-17,1.627e-17,0.0008,-7.49,0
BackS102891,31.4331,22.0417,4.392e-20,7.943e-20,2.011e-19,0.0012,-3.12,0
BackS102892,31.3564,21.9939,3.170e-18,3.910e-18,4.193e-18,0.0002,-3.04,0
BackS102894,32.2963,23.2729,8.157e-20,1.360e-19,2.832e-19,0.0004,-7.39,0
BackS102895,32.3992,23.5136,3.662e-19,5.421e-19,8.718e-19,-0.0001,-7.53,0
BackS102898,31.3198,21.9187,3.110e-18,4.098e-18,5.022e-18,0.0005,-3.01,0
BackS102899,31.2993,21.9163,2.267e-20,4.302e-20,1.204e-19,0.0006,-3.08,0
BackS102902,31.3989,21.9838,1.338e-16,2.211e-16,4.511e-16,0.0002,-3.04,0
BackS102905,32.3202,23.3758,5.071e-17,9.287e-17,2.466e-16,0.0004,-7.46,0
BackS102906,31.8795,22.7012,1.479e-15,1.093e-15,4.383e-16,0.0011,-4.66,0
BackS102907,31.8787,22.6986,2.290e-16,1.974e-16,1.090e-16,0.0002,-1.95,0
BackS102908,31.8792,22.7006,1.707e-16,1.467e-16,8.113e-17,-0.0003,0.56,0
BackS102909,31.8798,22.7008,1.827e-17,1.932e-17,1.550e-17,-0.0,2.96,0
BackS102910,31.8811,22.7018,2.800e-16,2.365e-16,1.197e-16,0.0002,-10.58,0
BackS102911,31.3641,21.9468,1.404e-16,1.195e-16,6.057e-17,0.0006,-2.97,0
BackS102912,32.4130,23.4755,7.091e-16,5.792e-16,2.818e-16,-0.0002,-7.66,0
BackS102913,31.3621,21.9964,1.005e-14,7.090e-15,2.647e-15,-0.0,-3.09,0
BackS102915,32.4898,23.4561,3.555e-12,2.493e-12,8.844e-13,0.0006,-7.43,0
BackS102916,32.4755,23.4579,3.757e-16,3.098e-16,1.526e-16,0.001,-7.35,0
BackS102917,31.3273,22.0449,5.197e-12,3.685e-12,1.360e-12,0.0005,-3.27,0
BackS102918,31.3050,22.0229,1.888e-16,1.697e-16,9.886e-17,0.0005,-3.32,0
BackS102919,31.2881,22.0263,1.837e-17,1.977e-17,1.586e-17,0.0002,-3.39,0
BackS102920,32.4813,23.3697,1.347e-15,1.054e-15,4.698e-16,-0.0003,-7.16,1
BackS102921,32.4743,23.3237,4.036e-12,3.031e-12,1.240e-12,0.0006,-7.14,0
BackS102922,31.3229,22.1793,1.094e-16,9.821e-17,5.707e-17,-0.0001,-3.71,0
BackS102923,31.2818,22.1309,9.928e-18,1.100e-17,1.014e-17,0.0013,-3.61,0
BackS102924,32.4495,23.1670,6.579e-16,5.445e-16,2.662e-16,0.0005,-6.57,0
BackS102925,32.4729,23.1658,2.614e-16,5.788e-16,2.141e-15,0.0006,-6.64,0
BackS102926,31.3268,22.3086,4.033e-13,2.689e-13,8.521e-14,0.0004,-4.04,0
BackS102927,31.3258,22.3201,1.370e-16,2.386e-16,5.329e-16,-0.0,-4.15,0
BackS102928,31.3586,22.3837,5.645e-15,4.133e-15,1.648e-15,0.0002,-4.29,0
BackS102930,31.3989,22.4565,2.636e-18,3.047e-18,3.039e-18,0.001,-4.48,0
BackS102931,32.3691,22.8996,1.139e-17,1.224e-17,1.049e-17,0.0003,-6.03,0
BackS102932,31.4142,22.6045,4.031e-18,4.853e-18,5.240e-18,0.0008,-4.83,0
BackS102933,31.4465,22.6465,7.631e-16,5.753e-16,2.358e-16,-0.0007,-4.9,1
BackS102934,31.4624,22.7034,1.937e-17,2.091e-17,1.745e-17,-0.0003,-5.05,0
BackS102935,31.4914,22.7235,1.064e-15,8.448e-16,3.770e-16,-0.0004,-5.12,1
BackS102936,32.2631,22.5776,5.855e-17,5.352e-17,3.287e-17,0.0,-5.26,0
BackS102937,31.5862,22.8234,5.683e-15,4.150e-15,1.603e-15,0.0004,-5.33,0
BackS102938,32.1710,22.4473,1.727e-18,2.208e-18,2.651e-18,-0.0002,-5.1,0
BackS102939,32.1314,22.4028,5.266e-15,3.790e-15,1.369e-15,-0.0,-4.87,0
BackS102940,32.0936,22.3370,6.675e-17,1.198e-16,2.851e-16,0.0007,-4.84,0
BackS102941,32.0581,22.3034,4.367e-15,3.219e-15,1.269e-15,0.0006,-4.63,0
BackS102942,32.0366,22.2287,8.994e-15,6.337e-15,2.260e-15,0.0002,-4.46,0
BackS102943,31.7902,23.2258,1.322e-14,9.406e-15,3.359e-15,-0.0003,-6.12,0
BackS102944,31.8417,23.2944,1.049e-14,7.754e-15,3.013e-15,-0.0007,-6.39,0
BackS102945,31.8691,22.0575,3.259e-18,3.861e-18,3.973e-18,0.0008,-4.14,0
BackS102946,31.8589,22.0029,9.216e-20,1.542e-19,3.248e-19,0.0006,-4.1,0
BackS102947,31.7862,21.9491,3.798e-15,2.855e-15,1.192e-15,0.0008,-3.94,0
BackS102948,32.0182,23.4791,1.187e-14,8.188e-15,2.867e-15,-0.0004,-6.83,0
BackS102949,31.6876,21.8516,5.714e-16,1.687e-15,1.126e-14,-0.0002,-3.64,0
BackS102950,31.6218,21.7783,2.170e-16,3.314e-16,5.663e-16,0.0008,-3.44,0
BackS102951,32.1586,23.6417,3.950e-18,4.736e-18,4.997e-18,0.0007,-7.2,0
BackS102952,32.1809,23.7125,2.710e-15,2.114e-15,9.192e-16,0.0001,-7.16,0
BackS102953,32.2495,23.7169,2.567e-16,2.267e-16,1.240e-16,0.0003,-7.25,0
BackS102954,31.5064,21.6601,2.265e-15,1.741e-15,7.508e-16,0.0004,-3.27,1
BackS102956,32.3953,23.9027,7.848e-16,6.120e-16,2.634e-16,0.0008,-7.42,0
BackS102957,32.3821,23.8507,5.875e-12,4.527e-12,1.920e-12,-0.0003,-7.55,1
BackS102958,31.3184,21.5557,5.235e-12,3.758e-12,1.436e-12,-0.0001,-3.05,0
BackS102959,32.4918,23.9557,5.499e-15,4.046e-15,1.520e-15,0.0008,-7.66,0
BackS102960,32.5269,23.9865,1.763e-16,2.366e-16,3.221e-16,-0.0003,-7.67,0
BackS102961,31.1374,21.3397,1.681e-15,1.373e-15,6.376e-16,0.0001,-2.87,0
BackS102962,32.6312,24.0357,1.435e-16,1.275e-16,7.163e-17,0.0005,-7.86,0
BackS102963,32.6490,24.0171,1.155e-14,8.091e-15,2.871e-15,0.0004,-7.87,0
BackS102964,31.1183,21.4244,1.488e-16,1.321e-16,7.743e-17,0.0008,-2.85,0
BackS102965,32.6791,23.9832,3.045e-17,3.013e-17,2.145e-17,0.0007,-7.79,0
BackS102966,32.7707,24.0663,2.239e-14,1.541e-14,5.212e-15,-0.0002,-7.77,0
BackS102967,31.0825,21.5179,8.456e-15,5.880e-15,2.089e-15,0.0002,-2.89,0
BackS102968,31.0471,21.4860,6.766e-12,5.476e-12,2.621e-12,0.0002,-2.79,1
BackS102969,30.9341,21.4185,4.992e-15,3.651e-15,1.407e-15,0.001,-2.88,0
BackS102970,32.8447,24.0016,2.589e-14,1.779e-14,5.980e-15,0.0002,-7.6,0
BackS102971,32.8516,23.9557,3.944e-16,3.396e-16,1.815e-16,-0.0008,-7.78,0
BackS102972,32.8264,23.9224,3.403e-12,2.346e-12,8.079e-13,0.0005,-7.67,0
BackS102973,30.9936,21.6399,2.466e-15,1.896e-15,8.144e-16,0.0003,-3.11,1
BackS102974,32.8767,23.8862,1.424e-16,1.218e-16,6.511e-17,-0.0,-7.57,0
BackS102975,32.8614,23.7931,5.780e-16,4.761e-16,2.290e-16,0.0008,-7.33,0
BackS102976,30.9398,21.6779,2.342e-17,2.343e-17,1.696e-17,0.0003,-3.43,0
BackS102977,30.9437,21.7586,1.079e-14,7.787e-15,2.958e-15,0.0002,-3.34,0
BackS102978,30.9113,21.7368,3.658e-16,5.689e-16,1.059e-15,0.0011,-3.44,0
BackS102979,32.8214,23.5296,7.938e-14,5.416e-14,1.790e-14,0.0002,-6.88,0
BackS102980,32.8331,23.5055,1.428e-15,1.169e-15,5.453e-16,0.0009,-6.93,0
BackS102981,31.0106,21.9546,9.442e-17,2.102e-16,7.606e-16,0.0005,-3.68,0
BackS102982,32.7913,23.4215,1.124e-16,2.346e-16,7.496e-16,0.0011,-6.79,0
BackS102983,32.7532,23.3052,3.042e-12,2.120e-12,7.553e-13,-0.0001,-6.63,0
BackS102984,31.0816,22.1912,2.712e-15,2.030e-15,8.278e-16,0.0003,-4.09,0
BackS102985,32.6939,23.1492,3.578e-15,2.688e-15,1.081e-15,0.0003,-6.22,0
BackS102987,31.1768,22.4537,7.585e-16,6.558e-16,3.381e-16,0.0001,-4.65,0
BackS102988,31.2294,22.5371,2.722e-16,4.584e-16,9.450e-16,0.0,-4.73,0
BackS102989,31.2269,22.5507,3.098e-12,2.326e-12,9.633e-13,0.0002,-4.71,0
BackS102990,31.2804,22.7194,7.109e-17,6.463e-17,3.973e-17,0.0009,-5.12,0
BackS102991,31.3438,22.8057,2.473e-15,1.787e-15,6.809e-16,0.001,-5.16,0
BackS102992,31.3870,22.8468,1.047e-14,7.398e-15,2.696e-15,-0.0003,-5.26,0
BackS102993,32.3641,22.4651,6.391e-17,1.207e-16,3.338e-16,0.0003,-5.22,0
BackS102994,32.3110,22.3241,4.895e-16,4.135e-16,2.163e-16,-0.0004,-5.11,0
BackS102995,31.5416,23.1270,3.786e-16,3.213e-16,1.723e-16,0.0001,-5.72,0
BackS102996,32.1734,22.1978,3.306e-14,2.255e-14,7.517e-15,0.0003,-4.76,0
BackS102997,32.1196,22.1025,1.386e-16,1.251e-16,7.405e-17,-0.0003,-4.56,0
BackS102998,32.0778,22.0187,5.702e-16,4.600e-16,2.204e-16,0.0008,-4.5,0
BackS102999,32.0039,21.9325,6.368e-15,4.712e-15,1.878e-15,0.0002,-4.28,0
BackS103000,31.9600,21.8623,7.047e-12,5.090e-12,1.988e-12,-0.0001,-4.14,0
BackS103001,31.8767,23.6002,1.589e-15,1.180e-15,4.866e-16,0.0007,-6.5,1
BackS103002,31.7676,21.6953,6.423e-17,6.318e-17,4.296e-17,0.0001,-3.85,0
BackS103003,32.0351,23.7519,2.799e-12,1.917e-12,6.662e-13,0.0005,-6.8,0
BackS103004,32.0787,23.7960,7.052e-16,5.663e-16,2.572e-16,-0.0004,-6.87,0
BackS103005,32.1272,23.9111,9.132e-17,1.388e-16,2.333e-16,0.0007,-6.96,0
BackS103006,31.5721,21.4595,8.940e-15,6.552e-15,2.516e-15,0.0007,-3.38,0
BackS103007,31.4906,21.3907,5.318e-16,4.311e-16,2.022e-16,0.0003,-3.4,0
BackS103008,32.2796,24.0423,6.201e-12,4.580e-12,1.793e-12,0.0005,-7.27,0
BackS103009,31.4018,21.3233,2.773e-17,4.698e-17,1.003e-16,-0.0002,-3.2,0
BackS103010,32.4856,24.2328,3.566e-17,3.731e-17,2.857e-17,0.0,-7.53,0
BackS103011,32.5685,24.3183,2.098e-15,1.622e-15,7.094e-16,0.0,-7.56,1
BackS103012,31.2324,21.1989,1.444e-15,1.122e-15,4.867e-16,0.0002,-2.91,1
BackS103013,31.2008,21.1832,5.208e-16,4.485e-16,2.373e-16,0.0001,-2.93,0
BackS103014,31.0952,21.0262,1.075e-17,1.141e-17,9.489e-18,0.0007,-2.9,0
BackS103015,31.0469,21.0509,1.664e-14,1.174e-14,4.263e-15,-0.0002,-2.67,0
BackS103016,31.1006,21.1002,4.049e-17,7.515e-17,1.945e-16,0.0001,-2.83,0
BackS103017,30.9917,21.0100,2.542e-15,1.996e-15,8.645e-16,0.0004,-2.72,1
BackS103018,30.9511,21.0554,1.257e-15,9.846e-16,4.241e-16,0.0002,-2.65,1
BackS103019,32.8945,24.4374,3.003e-15,2.194e-15,8.504e-16,0.0007,-7.89,0
BackS103020,32.8875,24.3630,8.101e-15,5.925e-15,2.361e-15,0.0008,-7.93,0
BackS103021,30.8273,21.0492,2.282e-15,1.762e-15,7.643e-16,0.0008,-2.73,0
BackS103022,30.8406,21.0770,4.857e-12,3.390e-12,1.219e-12,-0.0002,-2.69,0
BackS103023,30.8135,21.1580,8.247e-12,6.510e-12,2.946e-12,0.0007,-2.79,1
BackS103024,30.8459,21.2086,3.088e-12,2.225e-12,8.533e-13,-0.0001,-2.8,0
BackS103025,33.1685,24.5068,7.615e-15,5.386e-15,1.961e-15,0.0001,-7.82,0
BackS103026,30.6777,21.1015,3.210e-16,5.893e-16,1.540e-15,0.001,-2.93,0
BackS103027,33.0581,24.2444,3.063e-15,2.305e-15,9.579e-16,-0.0013,-7.74,1
BackS103028,30.7039,21.2219,5.743e-18,6.490e-18,5.945e-18,0.0001,-2.84,0
BackS103029,33.1404,24.1717,8.866e-16,6.920e-16,3.046e-16,0.0001,-7.62,1
BackS103030,30.8821,21.5735,3.490e-15,2.566e-15,1.050e-15,0.0005,-3.19,0
BackS103031,33.1362,24.0978,1.519e-12,1.035e-12,3.494e-13,0.001,-7.43,0
BackS103032,30.7136,21.5101,3.813e-15,2.832e-15,1.086e-15,0.0006,-3.27,0
BackS103033,30.7898,21.6549,5.356e-20,9.090e-20,2.002e-19,0.0001,-3.52,0
BackS103034,30.7567,21.6319,9.768e-17,9.040e-17,5.611e-17,-0.0002,-3.47,0
BackS103035,30.7565,21.6883,1.035e-12,6.895e-13,2.252e-13,0.0003,-3.49,0
BackS103036,30.7733,21.7311,5.502e-15,3.997e-15,1.521e-15,0.0012,-3.62,0
BackS103037,30.8515,21.8871,1.348e-16,2.528e-16,6.470e-16,0.0002,-3.71,0
BackS103038,30.8604,21.9483,1.168e-14,8.375e-15,3.270e-15,0.0007,-3.94,0
BackS103039,30.8446,21.9793,3.299e-16,2.744e-16,1.366e-16,0.0001,-3.95,0
BackS103040,30.9189,22.1409,7.069e-17,6.733e-17,4.365e-17,-0.0001,-4.25,0
BackS103041,32.8278,23.1748,4.797e-16,9.210e-16,2.574e-15,-0.0003,-6.25,0
BackS103042,30.9656,22.3406,3.481e-15,2.503e-15,9.754e-16,0.0005,-4.5,0
BackS103043,31.0733,22.4379,3.995e-16,3.455e-16,1.863e-16,0.0006,-4.65,0
BackS103044,31.0258,22.5414,4.906e-17,4.964e-17,3.576e-17,0.0014,-4.72,0
BackS103045,31.1082,22.5441,1.524e-15,1.128e-15,4.554e-16,0.0007,-4.8,0
BackS103046,31.1924,22.6882,1.564e-17,1.629e-17,1.258e-17,0.0017,-5.06,0
BackS103047,32.5654,22.5141,1.704e-16,3.002e-16,6.842e-16,-0.0001,-5.3,0
BackS103048,31.2730,22.8557,1.409e-15,1.087e-15,4.759e-16,0.0015,-5.29,1
BackS103049,31.3796,22.9600,3.497e-12,2.431e-12,8.542e-13,-0.0,-5.44,0
BackS103050,31.4053,23.0815,1.875e-15,1.410e-15,5.498e-16,0.0002,-5.59,0
BackS103051,32.2813,22.2029,6.981e-15,5.170e-15,2.148e-15,0.0003,-4.85,0
BackS103052,31.5376,23.3112,2.229e-12,1.554e-12,5.381e-13,0.0004,-5.83,0
BackS103053,31.4189,22.0193,2.432e-16,2.151e-16,1.225e-16,0.0001,-3.17,0
BackS103054,32.4365,23.3747,7.137e-18,8.123e-18,7.701e-18,-0.0005,-7.4,0
BackS103055,32.4383,23.3769,3.861e-15,2.907e-15,1.178e-15,0.0011,-7.36,0
BackS103057,31.3192,22.0601,1.206e-17,1.347e-17,1.186e-17,0.0003,-3.32,0
BackS103058,31.3326,22.0301,4.969e-20,8.817e-20,2.053e-19,0.0006,-3.23,0
BackS103059,32.4289,23.2607,2.092e-16,4.184e-16,1.275e-15,0.0,-7.17,0
BackS103060,31.3366,22.0554,1.726e-16,1.516e-16,8.798e-17,0.0006,-3.45,0
BackS103061,32.4681,23.3359,1.335e-18,1.728e-18,2.105e-18,-0.0001,-7.19,0
BackS103062,32.3723,23.2018,3.069e-16,2.614e-16,1.337e-16,0.0008,-6.97,0
BackS103064,32.4919,23.2629,4.168e-18,4.832e-18,4.710e-18,0.0009,-6.87,0
BackS103065,31.2732,22.1440,1.056e-15,8.502e-16,3.941e-16,0.0008,-3.62,0
BackS103066,32.4055,23.1190,1.993e-15,1.504e-15,6.340e-16,-0.0,-6.55,1
BackS103067,31.3266,22.2120,1.309e-17,1.409e-17,1.166e-17,0.0,-3.82,0
BackS103068,32.4586,23.1243,6.819e-12,4.832e-12,1.814e-12,0.0002,-6.57,0
BackS103069,32.3984,23.1129,4.439e-16,3.769e-16,1.982e-16,0.0004,-6.56,0
BackS103070,32.4673,23.0479,2.393e-17,2.404e-17,1.745e-17,0.001,-6.45,0
BackS103071,31.3755,22.3682,2.976e-16,5.544e-16,1.428e-15,0.0003,-4.26,0
BackS103072,32.4629,23.1109,1.388e-17,1.507e-17,1.246e-17,0.0007,-6.47,0
BackS103073,32.3312,22.9219,1.914e-16,1.652e-16,9.019e-17,0.001,-6.09,0
BackS103074,31.3986,22.4848,2.330e-15,1.704e-15,6.673e-16,-0.0,-4.55,0
BackS103075,31.3732,22.5213,2.466e-17,2.518e-17,1.891e-17,0.001,-4.61,0
BackS103076,32.3272,22.8098,2.465e-16,3.953e-16,7.338e-16,0.0005,-5.82,0
BackS103077,31.4501,22.6106,6.635e-17,8.993e-17,1.216e-16,0.0007,-4.89,0
BackS103078,31.4750,22.6520,3.823e-17,3.938e-17,2.989e-17,0.0005,-5.01,0
BackS103079,31.5004,22.7120,7.462e-17,7.007e-17,4.427e-17,0.0001,-5.07,0
BackS103080,32.2502,22.6657,3.465e-14,2.397e-14,8.638e-15,0.0001,-5.52,0
BackS103081,32.2557,22.6295,6.985e-17,1.273e-16,3.075e-16,0.001,-5.46,0
BackS103083,32.1767,22.5489,5.809e-18,6.501e-18,6.040e-18,0.0001,-5.26,0
BackS103085,31.6146,22.9219,7.981e-17,7.217e-17,4.275e-17,-0.0002,-5.56,0
BackS103086,31.6400,23.0054,5.461e-17,5.186e-17,3.372e-17,0.0006,-5.72,0
BackS103088,31.6991,23.0614,8.969e-18,9.564e-18,7.986e-18,0.0001,-5.91,0
BackS103090,31.7629,23.1524,2.682e-17,5.005e-17,1.368e-16,0.001,-6.03,0
BackS103091,31.7747,23.2718,4.242e-17,4.050e-17,2.619e-17,0.0008,-6.22,0
BackS103092,31.9967,22.1214,6.117e-17,1.058e-16,2.427e-16,0.001,-4.28,0
BackS103093,31.8198,23.3229,3.773e-17,3.778e-17,2.651e-17,0.0,-6.28,0
BackS103094,31.9037,22.0205,1.007e-16,2.566e-16,1.302e-15,0.0003,-4.17,0
BackS103095,31.9346,23.3304,5.213e-12,4.444e-12,2.318e-12,-0.0001,-6.48,1
BackS103096,31.8149,21.9417,2.776e-16,2.410e-16,1.334e-16,0.0007,-3.94,0
BackS103097,31.7785,21.8865,2.672e-18,3.299e-18,3.679e-18,-0.0004,-3.81,0
BackS103098,31.7161,21.8830,3.807e-16,6.731e-16,1.579e-15,0.0002,-3.69,0
BackS103099,32.0225,23.4740,2.351e-16,2.033e-16,1.091e-16,-0.0003,-6.84,0
BackS103100,32.0736,23.6200,1.019e-18,1.391e-18,1.912e-18,-0.0001,-7.0,0
BackS103101,31.6409,21.8038,3.946e-16,3.168e-16,1.520e-16,0.0005,-3.52,0
BackS103102,32.1823,23.7125,2.345e-16,4.752e-16,1.466e-15,0.0,-7.24,0
BackS103104,32.2139,23.7720,7.117e-17,1.091e-16,1.936e-16,0.0004,-7.16,0
BackS103105,31.4937,21.6675,7.265e-16,5.735e-16,2.650e-16,-0.0001,-3.23,0
BackS103106,32.2788,23.7824,1.785e-16,1.543e-16,8.377e-17,-0.0003,-7.48,0
BackS103108,32.3173,23.7421,5.735e-19,7.995e-19,1.154e-18,0.0007,-7.41,0
BackS103109,32.3734,23.8590,7.783e-17,1.711e-16,6.260e-16,0.0004,-7.59,0
BackS103110,32.3271,23.8421,1.353e-19,2.236e-19,4.426e-19,-0.0002,-7.52,0
BackS103111,32.3715,23.8119,9.787e-16,7.834e-16,3.611e-16,0.0007,-7.54,0
BackS103112,32.5268,23.8942,1.233e-16,2.074e-16,4.345e-16,-0.0002,-7.66,0
BackS103113,32.5375,23.9752,1.923e-15,1.427e-15,5.780e-16,0.0003,-7.68,0
BackS103114,32.4771,23.8730,1.097e-15,8.389e-16,3.479e-16,0.0011,-7.71,1
BackS103116,32.6512,24.0898,5.934e-16,4.687e-16,2.063e-16,0.0011,-7.8,0
BackS103117,32.6150,24.0413,2.693e-16,2.262e-16,1.124e-16,0.0005,-7.81,0
BackS103118,32.5891,24.0161,3.502e-12,2.968e-12,1.498e-12,0.0003,-7.85,1
BackS103119,32.6455,23.9979,1.663e-18,2.189e-18,2.694e-18,0.0009,-7.71,0
BackS103120,32.6816,24.0398,1.174e-17,1.220e-17,9.078e-18,0.0,-7.82,0
BackS103121,31.1516,21.5334,4.180e-16,3.345e-16,1.610e-16,-0.0003,-2.71,0
BackS103122,32.6913,23.9072,3.922e-20,7.487e-20,2.004e-19,0.0,-7.77,0
BackS103123,32.5586,23.8596,8.725e-12,6.789e-12,2.976e-12,0.0009,-7.74,1
BackS103124,30.9697,21.3905,5.487e-17,5.511e-17,3.825e-17,0.001,-2.84,0
BackS103125,30.9977,21.4774,1.930e-17,2.115e-17,1.841e-17,0.001,-2.92,0
BackS103126,31.0190,21.5487,5.833e-15,4.306e-15,1.695e-15,0.0015,-2.83,0
BackS103127,32.7765,23.8979,2.773e-16,2.328e-16,1.189e-16,0.0003,-7.65,0
BackS103128,31.0604,21.6618,9.843e-17,1.713e-16,3.978e-16,0.0004,-3.05,0
BackS103129,30.9304,21.5135,3.858e-17,3.840e-17,2.719e-17,0.0,-2.97,0
BackS103130,31.0184,21.6172,1.620e-16,3.505e-16,1.212e-15,-0.0,-3.07,0
BackS103131,30.9526,21.6254,1.234e-15,9.258e-16,3.916e-16,-0.0001,-3.11,1
BackS103133,30.8837,21.5842,2.308e-19,3.549e-19,6.303e-19,0.0002,-3.15,0
BackS103134,32.8396,23.8228,1.867e-16,1.680e-16,9.742e-17,0.0,-7.44,0
BackS103136,30.9969,21.7522,7.514e-20,1.251e-19,2.615e-19,0.0006,-3.29,0
BackS103137,30.9555,21.7898,4.954e-17,1.048e-16,3.590e-16,0.0005,-3.49,0
BackS103138,31.0557,21.9293,1.481e-18,1.980e-18,2.561e-18,-0.0001,-3.53,0
BackS103139,31.0122,21.8301,2.121e-16,1.878e-16,1.076e-16,0.0005,-3.61,0
BackS103141,32.7302,23.4889,8.024e-17,7.261e-17,4.265e-17,0.0012,-7.0,0
BackS103142,30.9788,21.9498,6.879e-17,6.207e-17,3.559e-17,-0.0008,-3.69,0
BackS103143,32.7917,23.2996,7.504e-16,6.212e-16,3.037e-16,0.0006,-6.51,0
BackS103144,31.0803,22.1056,4.448e-17,4.155e-17,2.619e-17,0.0007,-3.91,0
BackS103145,31.0944,22.1202,1.138e-16,9.964e-17,5.422e-17,-0.0004,-4.01,0
BackS103146,31.1368,22.3274,1.035e-18,1.347e-18,1.694e-18,0.0007,-4.31,0
BackS103147,31.1598,22.1718,1.933e-18,2.321e-18,2.442e-18,0.0005,-4.06,0
BackS103148,31.1594,22.3899,1.400e-16,3.073e-16,1.164e-15,0.001,-4.54,0
BackS103149,31.2278,22.4403,1.197e-16,1.101e-16,6.491e-17,0.0004,-4.52,0
BackS103150,32.5768,22.9841,1.725e-17,1.759e-17,1.310e-17,0.0003,-6.06,0
BackS103151,31.1712,22.4679,5.805e-20,9.763e-20,2.089e-19,0.0005,-4.61,0
BackS103152,31.2615,22.5121,2.300e-15,1.695e-15,6.715e-16,-0.0004,-4.68,0
BackS103153,32.5828,22.7742,7.030e-18,8.110e-18,7.653e-18,-0.0004,-5.81,0
BackS103154,32.5076,22.7209,3.800e-17,3.812e-17,2.843e-17,0.0011,-5.58,0
BackS103155,32.4531,22.5935,1.447e-20,2.939e-20,8.887e-20,0.0009,-5.43,0
BackS103156,32.3947,22.6051,8.265e-17,7.403e-17,4.171e-17,0.0012,-5.36,0
BackS103157,32.4211,22.4713,6.001e-18,6.588e-18,5.563e-18,0.0006,-5.22,0
BackS103158,31.4301,22.9009,9.876e-19,1.404e-18,2.121e-18,0.0006,-5.43,0
BackS103159,32.2794,22.4169,2.238e-18,2.758e-18,3.120e-18,-0.0003,-5.15,0
BackS103160,32.2611,22.3224,1.438e-16,2.423e-16,5.133e-16,0.0006,-4.86,0
BackS103162,32.1471,22.2576,1.188e-20,2.196e-20,5.661e-20,-0.0001,-4.78,0
BackS103163,31.5833,23.2470,1.031e-15,8.176e-16,3.650e-16,-0.0005,-6.01,1
BackS103164,31.7207,23.1907,1.100e-16,1.004e-16,6.160e-17,-0.0001,-6.06,0
BackS103165,31.7323,23.3216,2.041e-16,1.750e-16,9.635e-17,0.0002,-6.11,0
BackS103166,32.0436,21.9139,1.657e-16,2.149e-16,2.667e-16,-0.0008,-4.35,0
BackS103167,31.8234,23.4707,3.280e-20,5.999e-20,1.533e-19,0.0006,-6.38,0
BackS103168,31.7631,23.4887,1.669e-20,3.060e-20,7.430e-20,-0.0003,-6.37,0
BackS103169,31.9205,23.6709,8.177e-18,9.006e-18,7.861e-18,0.0002,-6.6,0
BackS103170,31.9081,23.6946,1.645e-17,1.749e-17,1.433e-17,0.0005,-6.56,0
BackS103171,31.9352,23.6587,7.542e-15,5.364e-15,1.959e-15,-0.0002,-6.6,0
BackS103172,32.0774,23.7143,4.975e-16,4.062e-16,1.937e-16,0.0002,-6.87,0
BackS103174,32.2253,24.0109,4.388e-16,3.634e-16,1.826e-16,-0.0001,-7.19,0
BackS103175,31.6113,21.5138,4.983e-16,4.019e-16,1.895e-16,0.0004,-3.42,0
BackS103176,32.1661,23.9185,2.116e-20,4.002e-20,1.096e-19,0.0008,-7.03,0
BackS103177,31.5036,21.4039,7.528e-17,7.344e-17,5.098e-17,0.0003,-3.35,0
BackS103178,31.4671,21.3897,1.498e-16,2.737e-16,6.986e-16,0.0005,-3.29,0
BackS103179,31.4390,21.2244,2.889e-16,2.403e-16,1.208e-16,0.0001,-3.32,0
BackS103180,32.4519,24.1891,1.794e-16,1.582e-16,8.859e-17,0.0009,-7.56,0
BackS103182,31.2584,21.1361,4.345e-20,8.628e-20,2.472e-19,0.0004,-3.01,0
BackS103183,32.5551,24.2998,4.191e-17,4.211e-17,3.101e-17,0.0012,-7.58,0
BackS103184,32.4936,24.1872,4.096e-16,5.808e-16,8.770e-16,0.0003,-7.56,0
BackS103185,31.2249,21.1471,3.901e-16,8.628e-16,3.295e-15,0.0006,-2.93,0
BackS103186,31.1104,21.1029,1.884e-16,1.600e-16,8.367e-17,0.0008,-2.79,0
BackS103187,32.6626,24.2872,4.027e-18,4.729e-18,4.796e-18,0.0004,-7.71,0
BackS103188,31.0376,21.0868,2.265e-16,4.224e-16,1.087e-15,0.0009,-2.73,0
BackS103189,32.6824,24.2528,5.047e-16,7.848e-16,1.460e-15,0.0004,-7.7,0
BackS103190,32.8904,24.5941,1.699e-17,1.745e-17,1.312e-17,-0.0002,-7.82,0
BackS103191,30.9975,21.0969,6.875e-15,4.801e-15,1.677e-15,0.0008,-2.7,0
BackS103192,31.0186,21.0150,2.462e-20,4.832e-20,1.403e-19,0.001,-2.71,0
BackS103193,32.8515,24.3821,2.694e-16,2.338e-16,1.236e-16,0.001,-7.88,0
BackS103194,31.0100,21.2420,5.070e-18,5.957e-18,6.237e-18,-0.0002,-2.7,0
BackS103195,30.8543,21.0250,1.364e-16,1.212e-16,6.660e-17,0.0013,-2.71,0
BackS103196,30.7470,20.9116,4.476e-18,5.167e-18,5.001e-18,0.0008,-2.64,0
BackS103197,32.7388,24.0955,1.595e-16,1.407e-16,7.785e-17,0.0009,-7.77,0
BackS103198,30.8359,21.1192,3.911e-15,2.882e-15,1.115e-15,0.0008,-2.76,0
BackS103199,32.9504,24.3188,6.281e-17,1.131e-16,2.839e-16,0.0002,-7.87,0
BackS103200,30.8792,21.2544,2.093e-16,4.088e-16,1.159e-15,0.0002,-2.89,0
BackS103201,32.9820,24.2465,7.950e-16,6.333e-16,2.832e-16,-0.0009,-7.86,1
BackS103202,33.3884,24.7591,7.274e-20,1.200e-19,2.379e-19,0.0002,-7.87,0
BackS103203,33.0030,24.2107,7.127e-19,9.456e-19,1.247e-18,0.0003,-7.74,0
BackS103204,33.1887,24.3523,7.268e-16,6.137e-16,3.130e-16,-0.0002,-7.88,0
BackS103205,32.7168,23.6490,4.089e-18,5.004e-18,5.451e-18,0.0008,-7.34,0
BackS103206,30.7729,21.3426,3.035e-15,2.315e-15,9.699e-16,0.0011,-3.02,0
BackS103207,30.6460,21.2160,9.182e-17,8.268e-17,5.044e-17,0.0008,-3.03,0
BackS103208,33.0896,24.1314,7.002e-17,6.657e-17,4.261e-17,-0.0012,-7.53,0
BackS103209,33.0780,24.0674,7.626e-20,1.299e-19,2.790e-19,0.0002,-7.6,0
BackS103210,30.7762,21.5166,8.823e-16,6.829e-16,3.020e-16,-0.0006,-3.25,1
BackS103211,33.1278,23.9579,1.531e-18,2.004e-18,2.534e-18,0.0007,-7.46,0
BackS103213,30.8315,21.6087,4.827e-15,3.481e-15,1.294e-15,0.0001,-3.34,0
BackS103214,33.1090,23.8450,6.927e-19,9.615e-19,1.413e-18,0.0002,-7.13,0
BackS103215,30.7319,21.7398,1.352e-16,1.981e-16,3.287e-16,0.0001,-3.65,0
BackS103216,30.8884,21.9142,3.214e-19,4.869e-19,8.257e-19,0.0011,-3.78,0
BackS103217,33.0338,23.5660,4.008e-18,4.622e-18,4.480e-18,0.0003,-6.74,0
BackS103218,30.7333,21.8624,1.269e-16,1.204e-16,7.616e-17,0.0004,-3.87,0
BackS103219,32.9687,23.2748,4.186e-16,3.591e-16,1.944e-16,0.0005,-6.43,0
BackS103220,30.8617,22.0553,4.551e-16,6.434e-16,9.195e-16,0.0009,-4.03,0
BackS103222,30.9080,22.1960,2.365e-16,4.973e-16,1.617e-15,0.0005,-4.28,0
BackS103223,32.9295,23.0981,9.026e-17,8.462e-17,5.390e-17,-0.0004,-6.07,0
BackS103224,32.8706,23.1573,2.639e-16,2.356e-16,1.318e-16,0.0002,-6.21,0
BackS103225,32.7703,23.0412,4.210e-16,3.517e-16,1.825e-16,0.0011,-6.06,0
BackS103226,32.7937,23.0855,9.585e-17,1.894e-16,5.442e-16,0.0001,-6.24,0
BackS103227,31.1467,22.4836,3.526e-19,5.179e-19,8.576e-19,0.0004,-4.74,0
BackS103228,32.7530,22.7738,1.230e-16,1.133e-16,6.719e-17,-0.0002,-5.66,0
BackS103229,31.2117,22.6974,5.242e-16,4.436e-16,2.225e-16,-0.0003,-5.02,0
BackS103230,32.6426,22.5698,2.299e-16,2.032e-16,1.172e-16,0.001,-5.49,0
BackS103231,32.4882,22.5749,6.963e-12,5.985e-12,3.290e-12,-0.0006,-5.41,1
BackS103233,31.2979,23.0782,8.303e-19,1.116e-18,1.433e-18,0.0007,-5.49,0
BackS103234,31.3442,23.1069,2.428e-17,2.625e-17,2.201e-17,-0.0002,-5.52,0
BackS103235,32.3826,22.2037,3.609e-15,2.610e-15,9.758e-16,0.0009,-5.05,0
BackS103236,31.4983,23.1516,9.365e-17,1.810e-16,4.994e-16,0.0003,-5.75,0
BackS103237,31.5633,23.2969,8.335e-20,1.365e-19,2.690e-19,-0.0,-5.95,0
BackS103238,32.2148,22.0333,2.000e-16,1.839e-16,1.107e-16,0.0006,-4.55,0
BackS103239,31.6042,23.4712,1.316e-16,2.620e-16,8.056e-16,0.0005,-6.06,0
BackS103240,31.6534,23.5266,2.837e-16,5.132e-16,1.282e-15,0.0003,-6.09,0
BackS103241,31.9852,21.8081,5.599e-12,5.469e-12,3.665e-12,0.0008,-4.37,1
BackS103242,31.9650,21.7458,5.884e-17,5.730e-17,3.956e-17,0.001,-4.12,0
BackS109735,-7.5811,1.4354,9.374e-18,2.077e-17,7.753e-17,0.0146,0.56,0
BackS109816,-8.5211,1.0459,1.139e-16,1.844e-16,3.691e-16,0.0177,0.64,0
BackS109863,-0.5307,2.6340,5.381e-16,8.396e-16,1.477e-15,0.0214,0.05,0
BackS109882,22.8791,-2.4668,9.765e-14,1.027e-13,8.364e-14,0.0286,-1.73,0
BackS109921,-0.3101,2.1229,2.137e-16,1.517e-16,5.654e-17,0.0513,0.03,0
BackS110416,21.7431,0.8190,7.000e-11,5.309e-11,2.158e-11,0.0395,-1.72,0
BackS110551,33.6564,0.7561,6.212e-16,4.364e-16,1.501e-16,0.0726,-2.59,0
BackS110553,43.7630,-0.7459,9.870e-11,1.580e-10,3.070e-10,0.2571,-3.26,0
BackS110555,-29.1781,-4.2006,2.100e-11,1.888e-11,1.074e-11,0.1327,2.46,0
BackS110556,-29.5558,4.2159,4.126e-13,4.618e-13,4.318e-13,0.0664,2.36,0
BackS110601,33.8962,-0.9128,2.622e-11,1.960e-11,8.025e-12,0.0339,-2.37,0
BackS110602,25.3661,1.7458,2.634e-12,2.263e-12,1.195e-12,0.0419,-1.98,0
BackS110604,5.5144,-0.1935,3.442e-12,2.650e-12,1.130e-12,0.0373,-0.48,0
BackS110607,-14.3648,-0.4691,2.282e-13,2.209e-13,1.485e-13,0.0305,1.16,0
BackS110608,-26.7340,0.8270,1.281e-17,2.766e-17,9.728e-17,0.0329,2.0,0
