Time,NormalisedFlux
0.0,0.84318040862021
1.0,0.9259064437818553
2.0,0.8887845616621576
3.0,0.9105391306301842
4.0,0.9333897505460248
5.0,0.8708609801594873
6.0,0.925083315384024
7.0,0.9002480073174498
8.0,0.9319611109564915
9.0,0.9214359822797953
10.0,0.9928796118927808
11.0,0.9631124159948892
12.0,1.0009552358258151
13.0,0.9998013002180701
14.0,1.0306447382655959
15.0,1.0318355336925211
16.0,1.100115131230195
17.0,1.088428674562452
18.0,1.1061865468527945
19.0,1.0335395888529186
20.0,1.1007034673262526
21.0,1.0918322225994
22.0,1.1024963799246665
23.0,1.133653680342743
24.0,1.1527718350309197
25.0,1.117127636787128
26.0,1.1416053783388653
27.0,1.1468591827506882
28.0,1.1025811390194256
29.0,1.0727836508797284
30.0,1.074227325360733
31.0,1.0574226207624136
32.0,1.0598297055676096
33.0,1.031090478388019
34.0,1.016848608696359
35.0,1.0186199852055131
36.0,0.973049513871929
37.0,1.0079419153696978
38.0,1.0139258923000685
39.0,1.0213340220340652
40.0,1.0305527248809507
41.0,0.9219159349934779
42.0,0.9490764096377562
43.0,0.9329776648377736
44.0,0.8975647498942471
45.0,0.8970625411312602
46.0,0.9348641258597005
47.0,0.9006844847244493
48.0,0.862386558363454
49.0,0.8792270862951819
50.0,0.8678025119787703
51.0,0.8531893614120067
52.0,0.8765387809463242
53.0,0.9075485448569494
54.0,0.8759332111903178
55.0,0.8764075512427161
56.0,0.91555583820356
57.0,0.9484756318267072
58.0,0.9180456580818903
59.0,0.911840560397227
60.0,0.9850495246874743
61.0,0.9527134721143056
62.0,0.9721204639107457
63.0,0.9440391825552497
64.0,0.9809411593919619
65.0,0.9616503074974446
66.0,0.9990380872060477
67.0,1.0747618172819722
68.0,1.0633631245699544
69.0,1.0614405383506775
70.0,1.0921209822972417
71.0,1.0905593016673403
72.0,1.1116723999944245
73.0,1.124369969533864
74.0,1.142693834234758
75.0,1.1158184986654764
76.0,1.0892458436468457
77.0,1.1549328421432081
78.0,1.1429644733521087
79.0,1.1414655103711764
80.0,1.1155947259165624
81.0,1.1009479924313053
82.0,1.0508780869225176
83.0,1.1183316298876431
84.0,1.075869983943247
85.0,1.0457132579407618
86.0,0.9995697299403148
87.0,1.0052226609220423
88.0,1.0183987194725541
89.0,0.9830627251714102
90.0,0.981796611099382
91.0,0.9857795593190033
92.0,0.9914253946009269
93.0,0.9646599438917146
94.0,0.9279251822326323
95.0,0.9530410530607181
96.0,0.8657014700795169
97.0,0.8926739292763385
98.0,0.9386548778358259
99.0,0.9491288592490978
100.0,0.9125851325147382
101.0,0.858421311925754
102.0,0.8495697154607794
103.0,0.8473332845965518
104.0,0.8796889629100646
105.0,0.8500939469402236
106.0,0.8923176716006954
107.0,0.9142854698930215
108.0,0.9156321142752816
109.0,0.9146182366847008
110.0,0.944989807613487
111.0,0.9020078627798885
112.0,0.9861873096358724
113.0,0.9920618974093621
114.0,1.0301246382743976
115.0,0.9751401785061392
116.0,1.0075331357579909
117.0,1.0267462468794455
118.0,1.0569329078891665
119.0,1.027097837747697
120.0,1.0615883682290261
